pr_id,request_date,dept_id,status,requester
1,5/28/2022,4,Approved,User_114
2,5/30/2022,2,Approved,User_483
3,3/16/2023,4,Approved,User_799
4,10/15/2021,4,Approved,User_216
5,4/27/2020,4,Approved,User_176
6,11/14/2022,1,Approved,User_877
7,6/17/2020,4,Approved,User_484
8,8/26/2023,1,Approved,User_456
9,1/1/2023,1,Approved,User_915
10,5/16/2022,4,Approved,User_749
11,9/17/2020,1,Approved,User_760
12,12/19/2023,2,Approved,User_517
13,2/25/2020,4,Rejected,User_643
14,10/24/2023,1,Approved,User_863
15,11/12/2022,4,Approved,User_724
16,9/10/2020,1,Rejected,User_983
17,5/2/2021,6,Approved,User_296
18,3/29/2020,2,Approved,User_863
19,11/3/2020,4,Approved,User_244
20,1/21/2021,4,Approved,User_308
21,2/28/2022,2,Approved,User_803
22,7/6/2023,1,Approved,User_151
23,12/15/2022,1,Rejected,User_132
24,12/25/2022,1,Rejected,User_365
25,8/20/2023,4,Approved,User_861
26,7/30/2022,4,Approved,User_624
27,2/9/2023,4,Approved,User_329
28,11/24/2020,4,Approved,User_298
29,10/13/2022,6,Approved,User_169
30,9/5/2022,4,Approved,User_989
31,7/22/2022,6,Approved,User_600
32,6/20/2020,4,Approved,User_103
33,10/13/2022,4,Rejected,User_958
34,12/24/2022,1,Approved,User_308
35,9/13/2021,1,Approved,User_986
36,8/20/2020,4,Approved,User_497
37,10/26/2022,4,Rejected,User_831
38,7/28/2021,4,Approved,User_305
39,7/23/2023,1,Approved,User_761
40,12/16/2022,4,Approved,User_344
41,8/23/2023,1,Rejected,User_632
42,8/11/2021,4,Approved,User_304
43,1/21/2023,1,Approved,User_706
44,3/16/2021,2,Approved,User_815
45,11/15/2022,2,Approved,User_735
46,5/9/2023,4,Rejected,User_232
47,4/22/2020,1,Approved,User_187
48,2/8/2020,4,Approved,User_389
49,5/24/2021,4,Rejected,User_573
50,5/8/2021,4,Approved,User_442
51,12/8/2021,4,Approved,User_355
52,6/4/2020,2,Approved,User_379
53,4/21/2021,4,Approved,User_731
54,1/3/2020,4,Approved,User_969
55,11/3/2020,4,Rejected,User_271
56,3/6/2021,4,Approved,User_940
57,8/5/2021,4,Approved,User_653
58,3/10/2023,1,Approved,User_450
59,7/18/2023,5,Approved,User_213
60,2/16/2020,4,Approved,User_496
61,2/19/2021,2,Approved,User_447
62,7/16/2021,4,Approved,User_389
63,12/24/2023,4,Rejected,User_806
64,8/31/2022,1,Approved,User_997
65,1/10/2020,4,Approved,User_935
66,11/19/2021,1,Approved,User_782
67,10/17/2021,1,Approved,User_260
68,12/24/2023,1,Approved,User_323
69,1/25/2023,5,Rejected,User_185
70,3/8/2022,4,Approved,User_533
71,3/18/2023,1,Approved,User_979
72,1/22/2022,4,Approved,User_950
73,1/19/2020,1,Approved,User_304
74,3/6/2022,1,Approved,User_178
75,6/27/2020,4,Approved,User_606
76,4/19/2020,1,Rejected,User_948
77,3/27/2022,1,Approved,User_198
78,5/27/2022,4,Approved,User_734
79,3/27/2023,4,Approved,User_572
80,5/27/2020,2,Approved,User_536
81,10/15/2023,4,Approved,User_893
82,9/7/2021,1,Approved,User_694
83,3/18/2023,4,Approved,User_648
84,3/14/2021,1,Approved,User_142
85,7/26/2023,4,Approved,User_141
86,6/8/2020,1,Rejected,User_365
87,9/23/2022,1,Approved,User_936
88,8/5/2021,1,Approved,User_998
89,2/17/2023,1,Approved,User_654
90,11/7/2021,1,Approved,User_801
91,5/24/2020,4,Approved,User_159
92,6/17/2022,4,Approved,User_197
93,6/20/2021,4,Approved,User_668
94,10/9/2021,4,Approved,User_433
95,4/17/2020,4,Approved,User_880
96,12/24/2023,4,Approved,User_575
97,5/26/2021,4,Approved,User_629
98,4/16/2022,4,Approved,User_225
99,12/14/2022,4,Approved,User_298
100,3/16/2023,1,Approved,User_686
101,1/6/2020,4,Approved,User_812
102,8/8/2022,1,Approved,User_919
103,3/21/2022,1,Approved,User_222
104,6/7/2021,4,Rejected,User_835
105,1/31/2020,6,Approved,User_601
106,9/4/2023,4,Approved,User_192
107,7/22/2023,4,Approved,User_270
108,11/1/2020,1,Approved,User_462
109,9/28/2021,4,Approved,User_544
110,4/8/2022,2,Approved,User_870
111,10/20/2022,1,Approved,User_322
112,5/21/2020,1,Approved,User_615
113,5/5/2021,4,Approved,User_362
114,4/30/2022,2,Approved,User_601
115,2/18/2021,4,Rejected,User_325
116,5/16/2023,2,Approved,User_477
117,11/21/2023,4,Approved,User_775
118,5/31/2021,4,Approved,User_974
119,5/11/2023,1,Approved,User_536
120,11/20/2022,5,Approved,User_761
121,10/20/2023,4,Approved,User_887
122,4/10/2021,1,Approved,User_311
123,1/13/2020,1,Approved,User_257
124,1/24/2022,4,Approved,User_670
125,6/5/2023,4,Approved,User_120
126,10/10/2020,4,Approved,User_244
127,3/17/2020,4,Approved,User_228
128,8/22/2021,4,Approved,User_404
129,9/14/2023,4,Rejected,User_167
130,3/24/2021,1,Approved,User_266
131,10/26/2023,4,Approved,User_122
132,1/19/2023,6,Approved,User_313
133,10/9/2020,1,Approved,User_807
134,7/30/2022,2,Approved,User_663
135,8/7/2023,4,Approved,User_644
136,2/13/2023,1,Approved,User_394
137,3/10/2023,1,Approved,User_791
138,5/14/2020,1,Approved,User_337
139,6/9/2023,1,Approved,User_215
140,9/3/2023,5,Approved,User_875
141,5/15/2020,1,Rejected,User_400
142,2/16/2023,4,Approved,User_877
143,1/5/2021,4,Approved,User_379
144,3/21/2022,4,Approved,User_520
145,2/23/2021,4,Rejected,User_784
146,8/4/2023,2,Approved,User_357
147,12/4/2022,4,Approved,User_719
148,9/3/2021,4,Approved,User_688
149,1/17/2020,1,Approved,User_872
150,8/22/2021,1,Approved,User_834
151,6/14/2023,4,Approved,User_521
152,2/18/2022,4,Rejected,User_743
153,9/25/2023,5,Approved,User_807
154,3/16/2023,4,Approved,User_323
155,8/10/2023,1,Rejected,User_818
156,7/28/2023,1,Approved,User_166
157,8/24/2021,2,Approved,User_560
158,8/5/2023,6,Rejected,User_686
159,10/12/2023,4,Rejected,User_550
160,3/16/2021,1,Approved,User_456
161,4/24/2020,4,Approved,User_992
162,3/22/2020,4,Approved,User_134
163,12/3/2023,4,Approved,User_126
164,5/26/2020,4,Approved,User_241
165,6/27/2020,4,Rejected,User_425
166,9/18/2022,4,Approved,User_160
167,3/4/2023,4,Approved,User_292
168,8/9/2023,2,Approved,User_402
169,5/10/2020,4,Approved,User_522
170,12/28/2020,1,Approved,User_253
171,3/21/2023,4,Rejected,User_435
172,8/22/2020,4,Approved,User_840
173,1/3/2020,4,Approved,User_541
174,12/3/2022,4,Approved,User_476
175,3/17/2023,1,Approved,User_101
176,1/19/2021,4,Approved,User_215
177,11/4/2020,4,Rejected,User_915
178,9/28/2022,4,Approved,User_594
179,10/14/2020,4,Approved,User_710
180,3/27/2023,5,Approved,User_191
181,7/1/2021,4,Approved,User_542
182,10/13/2022,1,Approved,User_721
183,5/11/2021,2,Approved,User_862
184,4/24/2020,1,Approved,User_445
185,1/3/2021,1,Approved,User_417
186,2/2/2020,1,Approved,User_466
187,4/19/2023,4,Rejected,User_221
188,8/17/2021,6,Approved,User_489
189,7/9/2021,4,Approved,User_669
190,11/9/2023,4,Approved,User_122
191,5/1/2020,4,Approved,User_658
192,12/22/2021,4,Approved,User_311
193,11/1/2020,4,Approved,User_791
194,2/12/2021,1,Approved,User_629
195,4/29/2022,4,Approved,User_629
196,1/1/2022,4,Rejected,User_254
197,10/7/2022,4,Approved,User_994
198,6/28/2023,1,Approved,User_473
199,3/16/2023,4,Approved,User_607
200,11/17/2020,5,Approved,User_999
201,10/18/2021,4,Approved,User_952
202,7/10/2020,4,Approved,User_312
203,11/8/2020,4,Approved,User_100
204,11/27/2023,4,Approved,User_177
205,6/28/2023,4,Rejected,User_849
206,10/20/2021,1,Approved,User_396
207,6/12/2023,4,Approved,User_611
208,11/20/2021,1,Rejected,User_710
209,6/28/2022,1,Approved,User_905
210,4/27/2021,4,Rejected,User_290
211,12/21/2021,1,Approved,User_903
212,1/14/2021,4,Approved,User_594
213,9/21/2021,4,Approved,User_990
214,8/31/2023,1,Approved,User_822
215,7/23/2021,1,Approved,User_579
216,5/31/2023,1,Approved,User_637
217,3/12/2022,4,Approved,User_931
218,1/29/2021,1,Approved,User_107
219,3/24/2023,4,Approved,User_440
220,1/31/2023,2,Approved,User_700
221,7/20/2022,4,Approved,User_339
222,11/28/2023,4,Approved,User_176
223,9/2/2021,1,Approved,User_112
224,10/10/2021,4,Approved,User_779
225,5/13/2022,4,Approved,User_685
226,9/6/2022,2,Rejected,User_393
227,5/21/2020,4,Approved,User_680
228,1/17/2020,4,Approved,User_558
229,7/25/2023,1,Approved,User_290
230,5/30/2021,6,Rejected,User_545
231,8/14/2023,2,Approved,User_552
232,6/27/2020,4,Rejected,User_478
233,1/26/2021,4,Rejected,User_463
234,6/8/2023,4,Approved,User_561
235,3/6/2021,4,Approved,User_392
236,3/9/2022,4,Approved,User_522
237,2/26/2021,4,Approved,User_515
238,10/7/2022,4,Approved,User_960
239,7/31/2020,1,Approved,User_549
240,2/23/2022,4,Approved,User_785
241,6/14/2023,1,Approved,User_261
242,10/24/2022,4,Approved,User_175
243,12/20/2022,4,Approved,User_883
244,10/29/2021,1,Approved,User_860
245,5/9/2023,1,Rejected,User_781
246,12/6/2021,1,Approved,User_365
247,9/24/2022,4,Approved,User_326
248,11/5/2023,4,Approved,User_175
249,2/10/2021,1,Approved,User_277
250,12/28/2023,4,Approved,User_264
251,5/15/2020,1,Rejected,User_232
252,8/24/2021,4,Rejected,User_513
253,2/5/2021,1,Approved,User_498
254,2/3/2021,1,Approved,User_783
255,5/9/2023,1,Approved,User_669
256,9/24/2021,1,Approved,User_966
257,1/31/2020,6,Approved,User_649
258,3/3/2022,4,Approved,User_221
259,4/8/2022,4,Rejected,User_337
260,4/3/2022,4,Approved,User_385
261,5/14/2021,1,Approved,User_235
262,8/22/2021,4,Approved,User_757
263,3/24/2021,1,Approved,User_547
264,9/4/2020,1,Approved,User_197
265,6/4/2021,4,Approved,User_508
266,7/8/2022,1,Approved,User_384
267,9/19/2020,4,Rejected,User_310
268,1/7/2021,4,Approved,User_650
269,9/4/2020,4,Approved,User_451
270,8/19/2023,4,Approved,User_506
271,8/12/2023,4,Approved,User_902
272,7/20/2021,4,Approved,User_702
273,3/18/2023,4,Approved,User_614
274,7/1/2020,4,Approved,User_393
275,7/12/2021,4,Approved,User_978
276,10/22/2020,2,Approved,User_613
277,1/21/2021,1,Approved,User_747
278,9/30/2021,1,Rejected,User_619
279,6/27/2022,2,Approved,User_832
280,8/9/2020,4,Approved,User_579
281,12/19/2023,4,Approved,User_113
282,7/3/2021,4,Rejected,User_961
283,5/9/2023,4,Rejected,User_930
284,3/31/2020,4,Approved,User_863
285,11/19/2021,4,Approved,User_169
286,11/17/2023,4,Approved,User_348
287,9/12/2022,1,Approved,User_630
288,7/21/2022,1,Rejected,User_876
289,7/12/2021,4,Approved,User_943
290,8/13/2023,4,Rejected,User_424
291,1/6/2023,4,Approved,User_854
292,4/26/2020,2,Approved,User_164
293,3/15/2022,4,Approved,User_151
294,12/1/2022,1,Approved,User_481
295,2/12/2020,2,Approved,User_816
296,2/11/2022,2,Approved,User_221
297,11/12/2022,1,Approved,User_756
298,12/19/2022,2,Rejected,User_594
299,9/15/2023,1,Approved,User_740
300,1/22/2022,4,Approved,User_660
301,5/11/2020,4,Approved,User_192
302,9/5/2020,6,Approved,User_335
303,8/13/2023,4,Approved,User_605
304,4/16/2021,4,Approved,User_852
305,7/25/2022,4,Approved,User_238
306,10/25/2020,6,Rejected,User_905
307,10/27/2022,5,Approved,User_454
308,7/28/2023,4,Rejected,User_993
309,2/8/2023,4,Approved,User_544
310,2/16/2023,4,Approved,User_864
311,4/12/2022,4,Approved,User_915
312,4/6/2021,2,Approved,User_148
313,12/8/2020,4,Approved,User_407
314,4/14/2021,4,Approved,User_930
315,6/7/2023,4,Rejected,User_508
316,7/15/2020,4,Approved,User_322
317,4/16/2022,4,Rejected,User_197
318,11/14/2021,2,Approved,User_649
319,9/20/2023,4,Rejected,User_996
320,8/29/2020,2,Approved,User_909
321,3/21/2023,1,Approved,User_305
322,5/10/2020,2,Approved,User_843
323,12/24/2023,2,Approved,User_849
324,7/10/2021,4,Approved,User_235
325,4/25/2020,4,Approved,User_340
326,9/5/2023,6,Approved,User_119
327,12/8/2023,1,Approved,User_825
328,2/3/2020,1,Approved,User_681
329,11/19/2023,4,Rejected,User_697
330,10/5/2020,4,Approved,User_468
331,6/13/2023,1,Approved,User_428
332,5/26/2022,1,Approved,User_742
333,7/18/2020,1,Approved,User_248
334,9/11/2023,1,Rejected,User_945
335,3/21/2020,4,Approved,User_399
336,5/18/2020,4,Approved,User_312
337,2/24/2023,4,Rejected,User_714
338,2/24/2023,1,Approved,User_383
339,3/10/2022,4,Approved,User_713
340,10/14/2020,4,Rejected,User_895
341,6/16/2021,4,Approved,User_951
342,3/9/2023,2,Approved,User_354
343,9/26/2023,4,Approved,User_991
344,1/4/2023,1,Approved,User_151
345,7/18/2022,4,Approved,User_898
346,5/16/2021,5,Approved,User_960
347,6/21/2023,1,Approved,User_324
348,5/7/2020,1,Approved,User_697
349,11/24/2023,4,Approved,User_813
350,1/28/2020,4,Approved,User_152
351,5/2/2020,1,Approved,User_502
352,12/26/2022,4,Approved,User_195
353,6/19/2023,1,Approved,User_514
354,4/4/2021,5,Approved,User_802
355,8/16/2021,4,Approved,User_321
356,7/24/2020,4,Approved,User_213
357,11/15/2021,4,Approved,User_581
358,4/21/2021,1,Approved,User_934
359,9/1/2023,2,Approved,User_606
360,12/18/2021,1,Rejected,User_301
361,10/24/2021,1,Approved,User_253
362,8/8/2023,4,Approved,User_445
363,1/31/2021,1,Approved,User_815
364,1/6/2022,1,Approved,User_576
365,9/1/2020,1,Approved,User_227
366,7/19/2020,4,Approved,User_980
367,7/10/2023,2,Approved,User_664
368,5/14/2020,4,Approved,User_571
369,11/13/2022,4,Approved,User_603
370,9/15/2021,4,Approved,User_202
371,4/28/2022,4,Approved,User_680
372,8/21/2021,4,Approved,User_393
373,10/27/2023,1,Approved,User_305
374,6/16/2021,4,Rejected,User_178
375,9/21/2021,4,Approved,User_669
376,1/15/2023,1,Approved,User_570
377,8/24/2021,4,Approved,User_733
378,10/13/2023,4,Rejected,User_724
379,3/26/2020,4,Approved,User_595
380,1/2/2020,1,Approved,User_130
381,12/16/2022,2,Approved,User_916
382,1/25/2021,1,Approved,User_972
383,8/23/2022,4,Approved,User_981
384,3/11/2021,1,Approved,User_781
385,1/25/2021,1,Approved,User_920
386,1/13/2020,1,Approved,User_600
387,10/14/2020,1,Approved,User_120
388,10/3/2021,4,Approved,User_592
389,4/18/2023,4,Approved,User_169
390,11/10/2021,4,Rejected,User_942
391,5/23/2023,1,Rejected,User_508
392,10/7/2021,1,Approved,User_873
393,9/3/2020,4,Approved,User_960
394,3/8/2020,2,Approved,User_388
395,6/19/2023,1,Approved,User_288
396,3/7/2020,1,Approved,User_565
397,5/21/2023,2,Rejected,User_438
398,9/21/2022,1,Approved,User_651
399,4/30/2021,2,Approved,User_802
400,4/16/2022,1,Approved,User_940
401,10/21/2021,4,Approved,User_446
402,2/3/2022,4,Approved,User_636
403,7/25/2023,4,Rejected,User_254
404,1/2/2022,4,Approved,User_953
405,11/13/2020,6,Approved,User_725
406,12/21/2020,1,Approved,User_775
407,3/5/2022,4,Rejected,User_836
408,5/21/2023,4,Approved,User_179
409,2/18/2021,2,Approved,User_642
410,8/5/2022,2,Approved,User_515
411,8/22/2021,4,Approved,User_724
412,4/25/2022,4,Approved,User_723
413,9/1/2022,1,Approved,User_144
414,11/2/2022,1,Approved,User_188
415,3/15/2021,4,Approved,User_693
416,5/28/2020,2,Approved,User_961
417,9/6/2023,1,Approved,User_307
418,9/9/2022,4,Approved,User_249
419,9/26/2021,6,Approved,User_436
420,10/25/2022,4,Approved,User_657
421,9/29/2023,4,Rejected,User_859
422,4/15/2020,4,Approved,User_223
423,12/30/2023,4,Approved,User_339
424,6/10/2021,4,Approved,User_248
425,8/14/2023,5,Approved,User_106
426,4/9/2023,4,Approved,User_693
427,5/17/2023,4,Approved,User_668
428,6/3/2022,4,Approved,User_553
429,5/6/2023,1,Approved,User_238
430,6/22/2020,4,Approved,User_437
431,2/15/2022,4,Approved,User_620
432,6/1/2023,2,Approved,User_444
433,11/22/2023,4,Approved,User_469
434,4/27/2023,4,Approved,User_431
435,8/28/2020,1,Rejected,User_563
436,3/1/2023,1,Approved,User_503
437,9/3/2021,6,Approved,User_169
438,1/20/2023,4,Approved,User_349
439,4/7/2020,4,Approved,User_669
440,2/3/2021,4,Approved,User_972
441,10/4/2022,4,Approved,User_832
442,7/20/2020,4,Approved,User_987
443,6/19/2021,4,Approved,User_714
444,8/8/2020,4,Approved,User_596
445,3/14/2020,4,Approved,User_285
446,5/18/2022,4,Rejected,User_287
447,6/28/2020,4,Approved,User_925
448,10/26/2023,1,Rejected,User_767
449,4/27/2021,4,Rejected,User_981
450,2/13/2021,2,Approved,User_770
451,12/30/2023,1,Approved,User_147
452,11/22/2020,4,Rejected,User_960
453,10/18/2021,4,Approved,User_786
454,1/19/2023,1,Approved,User_370
455,10/27/2022,4,Rejected,User_346
456,5/18/2023,4,Approved,User_126
457,11/21/2023,4,Approved,User_472
458,7/1/2022,1,Approved,User_407
459,10/10/2022,4,Approved,User_270
460,11/26/2023,1,Approved,User_549
461,3/24/2020,4,Approved,User_178
462,12/9/2023,1,Approved,User_258
463,6/29/2023,4,Approved,User_880
464,3/20/2021,4,Approved,User_528
465,6/22/2021,1,Approved,User_135
466,5/25/2022,4,Rejected,User_906
467,9/23/2020,1,Rejected,User_491
468,1/24/2023,1,Approved,User_502
469,11/29/2020,2,Approved,User_647
470,4/17/2021,1,Rejected,User_682
471,5/6/2022,4,Approved,User_483
472,12/30/2021,4,Approved,User_233
473,8/12/2020,4,Approved,User_230
474,5/29/2021,1,Rejected,User_656
475,3/5/2022,4,Approved,User_868
476,4/3/2023,1,Approved,User_283
477,5/12/2022,4,Approved,User_991
478,1/3/2023,4,Approved,User_915
479,3/14/2023,2,Approved,User_426
480,8/2/2021,4,Approved,User_982
481,10/23/2020,4,Approved,User_623
482,2/15/2023,4,Approved,User_221
483,5/6/2022,1,Approved,User_716
484,2/27/2022,4,Approved,User_953
485,3/18/2020,4,Approved,User_497
486,10/28/2021,1,Approved,User_319
487,3/10/2020,4,Approved,User_842
488,2/5/2020,4,Rejected,User_271
489,4/20/2022,1,Approved,User_788
490,3/8/2020,2,Approved,User_908
491,9/28/2020,4,Rejected,User_527
492,9/2/2022,4,Approved,User_396
493,3/2/2021,4,Approved,User_679
494,5/3/2023,4,Approved,User_184
495,9/16/2021,4,Approved,User_680
496,3/1/2023,4,Approved,User_616
497,1/28/2021,1,Approved,User_574
498,12/30/2023,2,Approved,User_474
499,2/9/2021,4,Approved,User_271
500,10/17/2023,1,Approved,User_980
501,4/24/2021,1,Approved,User_524
502,5/14/2020,1,Approved,User_857
503,2/14/2022,2,Approved,User_167
504,9/5/2021,4,Approved,User_174
505,11/20/2020,2,Approved,User_866
506,12/24/2020,4,Approved,User_543
507,9/25/2020,1,Approved,User_675
508,1/28/2021,1,Approved,User_236
509,3/7/2020,6,Rejected,User_783
510,3/17/2022,2,Approved,User_499
511,11/23/2023,4,Approved,User_798
512,12/21/2023,5,Approved,User_836
513,5/1/2023,2,Approved,User_893
514,1/9/2023,1,Approved,User_340
515,7/14/2023,4,Approved,User_651
516,2/18/2023,4,Rejected,User_849
517,8/20/2020,4,Approved,User_790
518,5/17/2021,2,Approved,User_929
519,11/16/2021,4,Approved,User_967
520,9/10/2022,4,Approved,User_336
521,11/9/2022,4,Rejected,User_325
522,10/23/2021,4,Approved,User_106
523,4/5/2022,4,Rejected,User_205
524,3/16/2020,4,Approved,User_398
525,2/11/2023,1,Approved,User_138
526,3/18/2020,1,Approved,User_936
527,10/28/2020,2,Approved,User_833
528,4/13/2020,1,Rejected,User_149
529,11/3/2023,4,Approved,User_670
530,7/8/2022,1,Approved,User_102
531,6/9/2023,1,Approved,User_562
532,8/8/2022,4,Approved,User_557
533,3/23/2022,1,Approved,User_844
534,6/29/2022,6,Approved,User_705
535,3/17/2021,4,Approved,User_760
536,11/19/2021,4,Approved,User_425
537,2/27/2022,4,Approved,User_527
538,1/20/2020,4,Approved,User_391
539,2/22/2023,4,Approved,User_441
540,9/11/2020,4,Approved,User_729
541,11/24/2023,4,Approved,User_809
542,1/17/2022,4,Approved,User_289
543,3/15/2020,5,Approved,User_955
544,5/7/2020,4,Approved,User_767
545,6/9/2022,4,Approved,User_333
546,7/13/2022,4,Approved,User_850
547,4/29/2020,2,Approved,User_667
548,10/22/2020,4,Approved,User_325
549,5/10/2023,4,Rejected,User_271
550,11/29/2022,4,Approved,User_230
551,3/14/2020,4,Approved,User_396
552,9/21/2021,1,Approved,User_506
553,6/27/2020,4,Approved,User_267
554,10/18/2022,4,Approved,User_608
555,1/22/2023,4,Approved,User_319
556,2/10/2021,4,Approved,User_833
557,6/15/2021,2,Approved,User_570
558,7/12/2020,2,Approved,User_980
559,5/17/2021,4,Approved,User_489
560,10/28/2022,4,Approved,User_229
561,3/31/2020,1,Approved,User_176
562,7/6/2023,4,Approved,User_800
563,4/23/2023,1,Approved,User_635
564,11/23/2020,1,Approved,User_818
565,5/17/2023,1,Approved,User_985
566,2/26/2020,2,Rejected,User_305
567,7/8/2020,1,Approved,User_747
568,9/11/2023,4,Approved,User_587
569,3/8/2022,4,Approved,User_365
570,3/16/2023,4,Approved,User_372
571,8/10/2023,4,Approved,User_582
572,4/6/2023,5,Approved,User_351
573,8/22/2021,1,Rejected,User_348
574,5/13/2023,2,Rejected,User_936
575,11/28/2022,4,Approved,User_866
576,10/10/2021,4,Approved,User_439
577,5/16/2023,4,Approved,User_462
578,6/8/2023,1,Approved,User_634
579,11/3/2022,4,Approved,User_742
580,3/20/2023,1,Rejected,User_271
581,9/23/2020,1,Approved,User_775
582,2/1/2020,4,Rejected,User_737
583,11/11/2023,4,Approved,User_607
584,4/27/2023,2,Approved,User_391
585,5/27/2022,1,Approved,User_591
586,3/28/2020,1,Rejected,User_618
587,12/13/2023,1,Rejected,User_188
588,7/5/2022,2,Rejected,User_726
589,5/20/2022,4,Approved,User_703
590,2/9/2022,4,Rejected,User_872
591,10/16/2022,1,Approved,User_645
592,1/27/2020,4,Rejected,User_694
593,11/16/2021,4,Approved,User_920
594,5/3/2021,5,Approved,User_707
595,9/29/2023,4,Rejected,User_464
596,6/28/2023,5,Approved,User_819
597,11/13/2023,4,Rejected,User_316
598,8/28/2022,1,Approved,User_956
599,5/1/2021,1,Approved,User_580
600,12/16/2023,4,Approved,User_614
601,5/18/2023,1,Approved,User_133
602,3/20/2023,4,Approved,User_679
603,6/3/2022,4,Approved,User_771
604,10/15/2020,4,Approved,User_458
605,5/4/2023,4,Approved,User_339
606,1/13/2023,1,Approved,User_498
607,9/28/2022,1,Approved,User_519
608,3/13/2020,1,Rejected,User_150
609,2/4/2022,2,Approved,User_382
610,9/12/2023,4,Approved,User_250
611,3/7/2023,2,Approved,User_145
612,4/2/2021,4,Approved,User_632
613,9/23/2021,4,Approved,User_185
614,3/15/2020,1,Approved,User_569
615,11/19/2021,4,Approved,User_759
616,2/27/2023,4,Approved,User_175
617,2/23/2023,4,Approved,User_345
618,6/6/2020,4,Approved,User_773
619,6/29/2023,1,Approved,User_321
620,9/2/2023,1,Approved,User_307
621,2/16/2022,4,Approved,User_896
622,6/23/2023,4,Rejected,User_704
623,8/12/2023,2,Approved,User_840
624,3/6/2022,4,Approved,User_605
625,3/29/2022,4,Approved,User_993
626,5/24/2022,4,Rejected,User_865
627,2/13/2021,4,Approved,User_884
628,12/7/2020,1,Approved,User_237
629,10/27/2022,4,Approved,User_740
630,7/20/2021,1,Rejected,User_751
631,5/9/2020,4,Approved,User_681
632,8/18/2020,2,Rejected,User_267
633,2/2/2023,4,Rejected,User_294
634,9/3/2021,4,Approved,User_592
635,9/7/2023,1,Rejected,User_723
636,8/2/2020,1,Approved,User_693
637,5/5/2020,4,Approved,User_964
638,9/12/2022,4,Approved,User_358
639,2/4/2022,4,Approved,User_472
640,7/6/2021,1,Rejected,User_410
641,7/30/2023,2,Approved,User_868
642,6/21/2021,1,Approved,User_434
643,12/29/2021,1,Approved,User_978
644,8/22/2022,1,Approved,User_138
645,1/10/2022,1,Approved,User_122
646,4/1/2021,1,Approved,User_600
647,7/17/2021,1,Approved,User_873
648,8/20/2020,2,Approved,User_921
649,5/7/2020,1,Approved,User_343
650,1/10/2021,4,Approved,User_691
651,9/9/2020,2,Approved,User_106
652,2/14/2023,1,Approved,User_134
653,8/29/2023,4,Approved,User_137
654,3/10/2021,4,Approved,User_499
655,6/29/2021,1,Approved,User_195
656,3/24/2020,4,Approved,User_366
657,8/16/2020,1,Rejected,User_502
658,3/17/2023,4,Approved,User_185
659,11/18/2022,4,Rejected,User_763
660,12/12/2020,2,Approved,User_698
661,3/11/2021,4,Approved,User_641
662,5/20/2022,1,Approved,User_942
663,12/17/2022,1,Approved,User_172
664,10/4/2021,1,Approved,User_948
665,12/5/2022,1,Rejected,User_670
666,8/2/2020,4,Approved,User_572
667,2/1/2022,2,Approved,User_452
668,8/1/2021,1,Approved,User_877
669,4/8/2020,4,Approved,User_546
670,5/9/2023,4,Rejected,User_393
671,4/25/2022,4,Rejected,User_924
672,4/23/2022,2,Approved,User_762
673,8/27/2022,2,Approved,User_112
674,8/25/2023,4,Approved,User_117
675,11/21/2022,1,Approved,User_435
676,1/25/2020,4,Rejected,User_744
677,2/15/2020,4,Approved,User_232
678,6/16/2020,2,Approved,User_347
679,1/4/2023,1,Approved,User_166
680,11/2/2021,4,Approved,User_618
681,2/5/2021,4,Approved,User_278
682,9/24/2022,4,Approved,User_324
683,1/26/2020,2,Approved,User_934
684,10/1/2021,2,Rejected,User_743
685,1/7/2023,4,Approved,User_832
686,3/4/2021,4,Approved,User_539
687,3/3/2020,5,Approved,User_907
688,6/19/2023,4,Approved,User_897
689,5/30/2022,4,Approved,User_703
690,8/17/2023,4,Approved,User_737
691,9/2/2022,2,Rejected,User_549
692,10/5/2022,4,Approved,User_633
693,11/25/2023,4,Approved,User_775
694,7/24/2020,4,Rejected,User_387
695,2/24/2023,1,Approved,User_248
696,7/4/2022,4,Rejected,User_726
697,8/1/2022,4,Rejected,User_105
698,2/15/2023,4,Approved,User_322
699,6/28/2020,4,Approved,User_369
700,2/16/2023,4,Approved,User_779
701,6/4/2022,4,Approved,User_490
702,5/25/2022,4,Approved,User_929
703,9/18/2022,4,Approved,User_932
704,8/20/2021,2,Approved,User_479
705,3/24/2022,4,Approved,User_404
706,7/24/2023,4,Approved,User_275
707,5/31/2021,1,Approved,User_245
708,12/8/2023,1,Approved,User_391
709,4/26/2020,4,Approved,User_257
710,1/19/2020,5,Approved,User_169
711,4/16/2021,2,Rejected,User_721
712,3/13/2020,4,Approved,User_856
713,11/24/2020,4,Approved,User_770
714,6/22/2023,4,Rejected,User_749
715,10/26/2020,2,Approved,User_714
716,10/30/2022,4,Approved,User_523
717,11/23/2022,4,Approved,User_218
718,4/26/2021,1,Approved,User_215
719,11/30/2022,4,Approved,User_282
720,1/6/2021,4,Rejected,User_521
721,8/28/2022,4,Approved,User_762
722,11/28/2021,4,Approved,User_753
723,1/9/2020,4,Approved,User_744
724,4/26/2022,1,Approved,User_456
725,9/26/2023,4,Approved,User_539
726,10/8/2021,4,Approved,User_493
727,8/24/2020,1,Approved,User_949
728,5/2/2022,4,Approved,User_155
729,9/4/2020,4,Approved,User_623
730,7/30/2021,4,Approved,User_713
731,12/14/2022,1,Rejected,User_643
732,6/30/2022,4,Rejected,User_161
733,5/11/2023,1,Approved,User_881
734,1/5/2020,2,Approved,User_443
735,4/2/2023,4,Approved,User_769
736,1/5/2021,4,Approved,User_998
737,7/14/2022,4,Approved,User_921
738,10/16/2021,2,Approved,User_858
739,2/19/2023,5,Approved,User_963
740,8/20/2020,1,Approved,User_479
741,11/21/2023,5,Approved,User_245
742,11/10/2020,4,Approved,User_695
743,11/2/2022,4,Approved,User_159
744,12/25/2020,1,Approved,User_767
745,9/5/2022,4,Approved,User_581
746,4/10/2023,1,Approved,User_208
747,6/26/2023,1,Approved,User_252
748,12/12/2020,4,Approved,User_470
749,6/13/2023,6,Approved,User_669
750,5/21/2022,1,Approved,User_570
751,8/2/2022,1,Approved,User_178
752,12/11/2023,6,Approved,User_583
753,2/29/2020,4,Approved,User_267
754,10/16/2021,4,Approved,User_149
755,9/7/2022,1,Rejected,User_890
756,1/3/2021,4,Approved,User_721
757,8/17/2021,4,Approved,User_294
758,10/10/2023,4,Rejected,User_811
759,8/8/2020,1,Approved,User_584
760,12/5/2020,1,Approved,User_567
761,4/15/2020,1,Approved,User_863
762,4/12/2020,1,Approved,User_126
763,7/1/2023,1,Approved,User_170
764,8/21/2021,4,Approved,User_946
765,6/19/2022,2,Approved,User_390
766,4/5/2021,4,Rejected,User_217
767,7/10/2021,4,Approved,User_201
768,10/9/2020,4,Approved,User_757
769,10/24/2020,4,Rejected,User_932
770,6/17/2022,4,Approved,User_816
771,12/2/2020,4,Approved,User_837
772,5/23/2023,4,Rejected,User_583
773,4/10/2023,1,Rejected,User_472
774,12/19/2022,4,Approved,User_633
775,11/17/2021,5,Approved,User_394
776,12/15/2021,2,Approved,User_351
777,4/25/2021,4,Approved,User_730
778,1/26/2022,1,Approved,User_661
779,7/20/2021,4,Approved,User_544
780,2/6/2022,4,Approved,User_676
781,11/10/2023,4,Approved,User_583
782,2/26/2020,1,Approved,User_118
783,1/21/2023,4,Approved,User_898
784,5/11/2021,2,Approved,User_104
785,4/22/2022,5,Rejected,User_485
786,2/19/2021,4,Approved,User_494
787,9/9/2020,1,Approved,User_198
788,2/22/2021,5,Approved,User_956
789,12/16/2020,4,Approved,User_326
790,5/2/2023,2,Approved,User_904
791,7/19/2021,5,Approved,User_563
792,11/12/2023,1,Approved,User_430
793,1/31/2022,1,Rejected,User_150
794,10/26/2020,4,Approved,User_669
795,12/2/2021,4,Approved,User_284
796,6/11/2020,4,Approved,User_408
797,8/21/2020,2,Approved,User_185
798,5/31/2021,4,Approved,User_492
799,9/12/2020,1,Approved,User_461
800,7/13/2023,1,Approved,User_324
801,12/19/2020,1,Approved,User_844
802,8/9/2023,1,Approved,User_752
803,9/22/2022,1,Approved,User_244
804,11/3/2020,4,Approved,User_281
805,10/14/2021,4,Approved,User_574
806,3/8/2020,4,Approved,User_212
807,3/16/2021,4,Approved,User_467
808,3/12/2020,4,Rejected,User_151
809,3/16/2023,4,Approved,User_680
810,6/6/2023,4,Approved,User_806
811,7/30/2020,4,Approved,User_657
812,8/5/2021,4,Approved,User_555
813,8/28/2023,1,Approved,User_680
814,9/21/2020,5,Approved,User_862
815,9/22/2021,4,Approved,User_610
816,3/13/2021,4,Approved,User_508
817,2/9/2022,4,Rejected,User_883
818,6/4/2020,6,Approved,User_893
819,4/4/2021,4,Approved,User_805
820,11/24/2023,4,Approved,User_657
821,10/30/2022,2,Approved,User_383
822,10/30/2021,4,Approved,User_193
823,9/20/2023,4,Approved,User_905
824,2/23/2022,2,Approved,User_417
825,10/7/2021,4,Approved,User_182
826,11/6/2020,1,Approved,User_267
827,12/9/2021,4,Approved,User_366
828,3/22/2022,4,Approved,User_180
829,8/15/2023,1,Approved,User_221
830,1/29/2021,4,Rejected,User_842
831,1/26/2022,1,Approved,User_572
832,12/29/2023,4,Approved,User_609
833,6/16/2023,1,Approved,User_661
834,9/6/2023,4,Approved,User_793
835,12/5/2022,1,Approved,User_335
836,1/21/2023,4,Approved,User_999
837,1/11/2020,1,Approved,User_968
838,5/26/2022,4,Approved,User_390
839,3/8/2020,1,Approved,User_854
840,2/8/2023,6,Approved,User_888
841,4/5/2020,4,Approved,User_436
842,5/11/2020,4,Approved,User_811
843,9/16/2023,1,Approved,User_924
844,7/16/2021,4,Approved,User_129
845,9/30/2020,4,Approved,User_817
846,9/30/2023,1,Approved,User_190
847,5/16/2020,4,Approved,User_327
848,5/13/2023,5,Approved,User_226
849,3/26/2023,4,Approved,User_901
850,5/5/2021,2,Approved,User_928
851,7/7/2020,4,Approved,User_327
852,8/19/2021,4,Approved,User_693
853,7/12/2022,4,Rejected,User_150
854,8/4/2020,4,Rejected,User_144
855,12/9/2023,1,Approved,User_911
856,1/2/2020,4,Approved,User_904
857,1/8/2023,1,Approved,User_169
858,7/7/2020,4,Approved,User_889
859,10/13/2020,1,Approved,User_108
860,5/23/2023,4,Approved,User_294
861,5/29/2023,4,Approved,User_344
862,3/21/2023,1,Approved,User_754
863,10/4/2020,1,Approved,User_373
864,6/26/2023,4,Approved,User_412
865,12/8/2021,4,Approved,User_579
866,10/12/2023,4,Approved,User_542
867,4/25/2022,4,Approved,User_477
868,1/5/2023,4,Approved,User_823
869,10/14/2020,4,Approved,User_565
870,8/15/2020,4,Approved,User_723
871,3/12/2021,4,Approved,User_431
872,5/21/2021,4,Approved,User_139
873,8/4/2020,4,Approved,User_986
874,3/25/2023,1,Approved,User_403
875,1/6/2020,1,Rejected,User_562
876,1/6/2020,4,Approved,User_311
877,7/25/2021,1,Approved,User_766
878,4/18/2022,4,Approved,User_908
879,7/27/2023,4,Approved,User_681
880,8/14/2023,1,Approved,User_790
881,12/7/2020,4,Approved,User_962
882,1/10/2023,2,Approved,User_205
883,11/3/2021,4,Approved,User_271
884,3/15/2021,4,Rejected,User_391
885,9/3/2021,6,Approved,User_362
886,10/16/2020,4,Approved,User_452
887,3/11/2022,4,Approved,User_307
888,3/5/2023,4,Approved,User_500
889,11/28/2020,4,Approved,User_324
890,7/28/2022,4,Approved,User_256
891,3/14/2020,4,Rejected,User_691
892,12/7/2021,4,Approved,User_844
893,5/28/2021,4,Approved,User_186
894,7/12/2022,4,Rejected,User_174
895,9/7/2022,4,Approved,User_491
896,6/20/2022,4,Approved,User_411
897,7/13/2020,4,Approved,User_738
898,12/3/2021,4,Approved,User_762
899,8/26/2021,4,Rejected,User_186
900,4/2/2021,4,Approved,User_918
901,11/23/2023,4,Approved,User_681
902,1/18/2023,1,Rejected,User_298
903,8/26/2020,4,Approved,User_244
904,8/18/2020,2,Approved,User_775
905,9/27/2021,1,Approved,User_374
906,8/11/2022,4,Approved,User_470
907,5/8/2021,4,Approved,User_695
908,2/15/2022,4,Approved,User_172
909,2/12/2021,1,Approved,User_950
910,4/16/2020,4,Approved,User_356
911,2/6/2021,4,Approved,User_916
912,2/17/2022,1,Rejected,User_398
913,1/21/2021,2,Approved,User_805
914,6/9/2021,4,Approved,User_836
915,3/19/2020,4,Approved,User_374
916,1/17/2020,2,Approved,User_323
917,5/8/2020,6,Approved,User_124
918,11/29/2021,1,Rejected,User_252
919,5/19/2021,6,Rejected,User_980
920,11/12/2020,4,Approved,User_667
921,4/1/2020,6,Approved,User_847
922,6/15/2020,1,Approved,User_476
923,10/25/2020,4,Rejected,User_177
924,12/2/2022,1,Approved,User_995
925,2/12/2022,1,Approved,User_499
926,5/9/2022,4,Approved,User_668
927,6/21/2022,4,Approved,User_468
928,8/30/2021,4,Rejected,User_748
929,12/30/2022,4,Approved,User_990
930,1/16/2022,4,Approved,User_939
931,9/23/2023,4,Approved,User_427
932,4/28/2020,1,Approved,User_771
933,7/21/2021,1,Approved,User_215
934,5/19/2023,1,Rejected,User_687
935,3/28/2022,4,Approved,User_139
936,4/11/2020,4,Approved,User_335
937,10/16/2023,4,Approved,User_379
938,1/18/2021,1,Approved,User_226
939,2/17/2021,4,Approved,User_865
940,11/11/2020,4,Rejected,User_165
941,12/2/2021,1,Rejected,User_456
942,4/6/2023,4,Approved,User_830
943,1/25/2022,1,Approved,User_375
944,8/13/2020,4,Approved,User_466
945,7/14/2021,4,Approved,User_346
946,3/10/2021,4,Approved,User_507
947,5/20/2022,6,Approved,User_209
948,7/29/2023,4,Approved,User_822
949,5/8/2023,4,Approved,User_790
950,6/22/2022,1,Approved,User_286
951,9/16/2023,4,Approved,User_990
952,6/5/2023,4,Rejected,User_809
953,10/3/2021,1,Approved,User_553
954,3/4/2020,4,Rejected,User_901
955,3/16/2021,1,Approved,User_723
956,6/27/2022,4,Rejected,User_593
957,4/7/2023,5,Approved,User_244
958,6/28/2020,1,Approved,User_751
959,12/28/2022,1,Rejected,User_779
960,3/1/2021,2,Approved,User_285
961,5/26/2020,4,Approved,User_334
962,11/19/2021,4,Rejected,User_666
963,1/13/2022,1,Approved,User_530
964,1/19/2021,1,Approved,User_394
965,11/24/2023,5,Approved,User_620
966,3/24/2022,6,Rejected,User_562
967,7/11/2022,1,Approved,User_836
968,11/20/2020,4,Approved,User_829
969,2/25/2021,4,Approved,User_604
970,4/20/2020,4,Approved,User_443
971,11/3/2023,1,Approved,User_676
972,2/15/2021,1,Rejected,User_500
973,5/15/2020,5,Approved,User_179
974,4/4/2023,4,Approved,User_404
975,4/10/2021,2,Approved,User_645
976,11/2/2020,4,Approved,User_761
977,5/25/2021,4,Approved,User_982
978,2/29/2020,4,Approved,User_134
979,4/27/2021,4,Approved,User_711
980,4/7/2022,4,Approved,User_315
981,12/15/2023,4,Approved,User_347
982,5/15/2020,4,Rejected,User_383
983,4/1/2023,4,Approved,User_115
984,4/22/2021,1,Approved,User_926
985,2/10/2021,4,Approved,User_609
986,11/28/2023,4,Approved,User_941
987,11/6/2023,4,Approved,User_442
988,2/27/2023,4,Approved,User_198
989,1/19/2022,4,Approved,User_908
990,5/12/2021,4,Approved,User_166
991,1/24/2020,5,Approved,User_589
992,1/7/2023,1,Approved,User_927
993,12/30/2021,4,Rejected,User_939
994,3/1/2022,4,Approved,User_993
995,5/10/2020,1,Approved,User_424
996,1/17/2020,2,Approved,User_526
997,3/2/2021,1,Approved,User_426
998,12/24/2021,2,Approved,User_774
999,1/5/2020,4,Approved,User_645
1000,4/5/2022,1,Approved,User_412
1001,4/7/2020,5,Approved,User_114
1002,6/6/2020,1,Approved,User_671
1003,11/17/2021,4,Approved,User_365
1004,10/18/2021,4,Approved,User_826
1005,6/1/2021,4,Rejected,User_225
1006,1/4/2023,4,Approved,User_664
1007,12/22/2020,4,Approved,User_341
1008,9/5/2021,1,Approved,User_497
1009,1/19/2021,4,Approved,User_736
1010,10/8/2021,6,Approved,User_213
1011,4/13/2023,4,Approved,User_831
1012,2/28/2021,4,Approved,User_349
1013,7/6/2022,1,Approved,User_226
1014,1/19/2021,4,Approved,User_725
1015,8/30/2023,2,Approved,User_464
1016,12/26/2022,4,Approved,User_388
1017,1/15/2022,1,Approved,User_153
1018,7/3/2023,4,Approved,User_928
1019,9/14/2023,4,Approved,User_389
1020,2/16/2022,4,Approved,User_324
1021,10/30/2023,1,Approved,User_823
1022,3/6/2021,1,Approved,User_780
1023,4/25/2020,1,Approved,User_330
1024,3/11/2022,4,Rejected,User_462
1025,11/4/2022,4,Approved,User_957
1026,11/30/2021,4,Approved,User_794
1027,4/26/2020,4,Approved,User_832
1028,2/5/2020,4,Approved,User_689
1029,7/2/2021,4,Approved,User_974
1030,10/21/2021,4,Approved,User_114
1031,7/16/2020,4,Approved,User_835
1032,2/6/2023,4,Rejected,User_983
1033,9/9/2022,1,Approved,User_381
1034,10/7/2022,4,Approved,User_972
1035,7/11/2020,2,Approved,User_905
1036,7/16/2022,2,Rejected,User_167
1037,5/16/2020,1,Approved,User_169
1038,2/22/2021,4,Approved,User_188
1039,2/17/2023,2,Approved,User_198
1040,11/19/2022,4,Approved,User_224
1041,8/7/2023,4,Approved,User_843
1042,3/31/2022,4,Approved,User_405
1043,11/12/2023,5,Approved,User_519
1044,7/27/2020,4,Approved,User_201
1045,1/12/2023,1,Approved,User_384
1046,8/28/2023,4,Approved,User_417
1047,7/11/2023,2,Approved,User_631
1048,6/29/2020,4,Rejected,User_196
1049,3/23/2021,1,Rejected,User_581
1050,8/4/2023,4,Approved,User_906
1051,12/11/2021,4,Approved,User_514
1052,4/12/2020,4,Approved,User_649
1053,4/27/2022,2,Approved,User_361
1054,2/14/2022,4,Approved,User_229
1055,9/9/2021,4,Approved,User_575
1056,10/5/2022,4,Approved,User_880
1057,12/19/2021,1,Approved,User_684
1058,1/18/2022,4,Approved,User_585
1059,5/25/2022,1,Rejected,User_636
1060,3/14/2022,4,Approved,User_811
1061,12/19/2023,2,Approved,User_137
1062,3/1/2020,4,Approved,User_798
1063,8/29/2021,4,Rejected,User_201
1064,8/18/2020,2,Approved,User_549
1065,6/7/2020,1,Approved,User_245
1066,4/13/2023,1,Approved,User_792
1067,7/4/2022,4,Rejected,User_199
1068,9/6/2023,4,Approved,User_122
1069,4/26/2021,4,Approved,User_594
1070,11/17/2020,4,Approved,User_750
1071,3/20/2022,4,Approved,User_377
1072,6/23/2020,4,Approved,User_988
1073,12/4/2023,5,Approved,User_323
1074,12/29/2020,1,Approved,User_832
1075,7/16/2021,5,Rejected,User_294
1076,9/27/2023,4,Approved,User_627
1077,10/30/2021,4,Approved,User_840
1078,11/19/2021,4,Approved,User_910
1079,12/23/2022,1,Approved,User_286
1080,5/28/2020,4,Approved,User_685
1081,2/10/2022,6,Rejected,User_373
1082,2/10/2022,4,Approved,User_600
1083,6/29/2020,2,Approved,User_879
1084,5/19/2022,4,Approved,User_356
1085,4/3/2023,4,Approved,User_395
1086,11/10/2021,1,Approved,User_695
1087,7/4/2020,2,Rejected,User_460
1088,1/5/2023,1,Approved,User_565
1089,12/17/2022,1,Approved,User_874
1090,3/7/2023,4,Approved,User_733
1091,10/17/2023,1,Approved,User_135
1092,3/2/2023,4,Approved,User_805
1093,4/7/2023,1,Approved,User_976
1094,6/18/2023,4,Approved,User_839
1095,10/9/2023,4,Approved,User_667
1096,10/23/2021,6,Rejected,User_963
1097,1/12/2021,4,Approved,User_684
1098,4/6/2020,6,Approved,User_570
1099,1/31/2022,4,Approved,User_241
1100,12/16/2020,1,Approved,User_723
1101,6/17/2022,4,Approved,User_361
1102,8/27/2023,2,Approved,User_319
1103,5/29/2022,5,Approved,User_507
1104,5/10/2023,1,Approved,User_867
1105,4/30/2023,4,Approved,User_533
1106,6/11/2022,1,Approved,User_231
1107,5/26/2023,4,Approved,User_211
1108,11/9/2020,1,Approved,User_971
1109,3/23/2023,4,Approved,User_118
1110,1/12/2022,1,Approved,User_624
1111,6/25/2023,4,Approved,User_667
1112,9/14/2023,4,Approved,User_463
1113,6/18/2020,4,Approved,User_885
1114,6/5/2021,4,Approved,User_524
1115,11/3/2023,4,Approved,User_266
1116,11/23/2021,1,Approved,User_580
1117,5/1/2020,1,Approved,User_855
1118,1/3/2020,4,Approved,User_618
1119,1/25/2023,4,Approved,User_662
1120,3/1/2023,1,Approved,User_461
1121,1/29/2020,4,Approved,User_311
1122,10/7/2021,2,Approved,User_822
1123,8/21/2023,4,Approved,User_389
1124,7/14/2022,4,Approved,User_124
1125,5/4/2021,1,Approved,User_401
1126,4/17/2021,4,Approved,User_831
1127,5/6/2022,1,Rejected,User_887
1128,8/27/2022,4,Approved,User_558
1129,3/9/2020,4,Approved,User_956
1130,4/10/2021,4,Approved,User_823
1131,11/1/2022,4,Approved,User_212
1132,7/16/2020,2,Approved,User_479
1133,5/14/2021,4,Approved,User_236
1134,4/14/2021,4,Approved,User_649
1135,7/12/2022,5,Approved,User_700
1136,7/25/2023,4,Approved,User_472
1137,3/20/2021,4,Approved,User_178
1138,8/23/2020,6,Approved,User_379
1139,8/28/2020,4,Approved,User_965
1140,2/26/2020,1,Approved,User_855
1141,5/29/2022,1,Approved,User_354
1142,11/2/2022,4,Approved,User_532
1143,9/2/2023,4,Approved,User_381
1144,2/24/2021,5,Approved,User_263
1145,11/4/2021,4,Approved,User_465
1146,1/15/2023,1,Approved,User_773
1147,2/1/2022,4,Approved,User_730
1148,4/11/2020,4,Approved,User_359
1149,5/2/2021,2,Rejected,User_753
1150,7/26/2020,4,Approved,User_467
1151,10/4/2023,4,Approved,User_159
1152,5/5/2021,4,Approved,User_504
1153,3/16/2022,1,Rejected,User_557
1154,11/27/2021,4,Approved,User_341
1155,1/7/2021,6,Approved,User_424
1156,2/18/2021,1,Approved,User_698
1157,7/15/2020,4,Approved,User_645
1158,6/22/2020,1,Approved,User_760
1159,6/9/2022,4,Approved,User_966
1160,7/23/2021,4,Approved,User_825
1161,4/25/2023,4,Approved,User_729
1162,4/6/2020,1,Rejected,User_978
1163,1/10/2023,1,Approved,User_844
1164,4/21/2022,1,Approved,User_153
1165,2/3/2022,2,Approved,User_700
1166,2/15/2020,4,Approved,User_195
1167,8/28/2023,1,Approved,User_475
1168,3/19/2022,1,Rejected,User_148
1169,5/7/2021,4,Approved,User_290
1170,12/12/2020,1,Approved,User_836
1171,3/2/2020,4,Approved,User_232
1172,2/16/2021,4,Approved,User_729
1173,2/4/2020,4,Approved,User_792
1174,1/12/2023,4,Rejected,User_734
1175,6/23/2022,4,Rejected,User_663
1176,6/29/2020,4,Approved,User_444
1177,1/10/2023,4,Rejected,User_297
1178,3/26/2022,4,Approved,User_449
1179,10/6/2020,1,Approved,User_628
1180,3/13/2022,4,Approved,User_806
1181,6/6/2022,4,Approved,User_995
1182,4/19/2022,4,Approved,User_669
1183,5/12/2020,1,Approved,User_777
1184,9/25/2023,4,Approved,User_762
1185,12/24/2021,4,Approved,User_698
1186,3/20/2020,4,Approved,User_533
1187,6/22/2023,2,Approved,User_203
1188,4/13/2020,5,Approved,User_330
1189,10/20/2020,4,Rejected,User_564
1190,2/7/2022,1,Approved,User_999
1191,12/22/2021,5,Approved,User_561
1192,9/27/2022,1,Rejected,User_843
1193,11/3/2023,1,Rejected,User_603
1194,7/6/2021,1,Approved,User_866
1195,2/20/2021,4,Approved,User_787
1196,3/6/2020,2,Approved,User_106
1197,4/30/2023,4,Approved,User_608
1198,2/9/2022,4,Rejected,User_480
1199,4/30/2020,2,Approved,User_333
1200,5/16/2022,4,Approved,User_873
1201,3/1/2021,4,Approved,User_691
1202,4/23/2023,1,Approved,User_650
1203,4/21/2023,4,Approved,User_709
1204,1/20/2020,1,Approved,User_369
1205,9/10/2023,2,Rejected,User_876
1206,5/4/2020,4,Rejected,User_289
1207,3/27/2021,5,Approved,User_870
1208,9/30/2021,4,Approved,User_295
1209,1/3/2023,4,Approved,User_998
1210,5/30/2021,2,Approved,User_662
1211,12/27/2022,4,Approved,User_977
1212,10/25/2020,4,Approved,User_948
1213,2/9/2022,4,Approved,User_768
1214,5/27/2021,4,Approved,User_776
1215,7/27/2023,4,Approved,User_428
1216,6/10/2022,5,Approved,User_411
1217,3/2/2022,4,Approved,User_182
1218,8/3/2023,4,Approved,User_911
1219,5/4/2023,1,Approved,User_775
1220,6/5/2022,1,Approved,User_980
1221,7/6/2023,1,Approved,User_160
1222,11/18/2022,4,Approved,User_781
1223,5/11/2022,1,Rejected,User_858
1224,5/14/2023,1,Approved,User_918
1225,11/25/2020,2,Approved,User_179
1226,2/13/2021,1,Approved,User_250
1227,2/1/2022,1,Rejected,User_954
1228,10/18/2020,4,Approved,User_190
1229,6/19/2021,4,Approved,User_857
1230,6/16/2022,4,Approved,User_542
1231,12/21/2020,1,Approved,User_429
1232,11/11/2022,4,Approved,User_883
1233,5/5/2021,4,Approved,User_899
1234,11/29/2023,4,Rejected,User_923
1235,1/11/2020,4,Rejected,User_784
1236,1/3/2021,2,Approved,User_287
1237,4/13/2021,4,Approved,User_584
1238,4/26/2022,4,Approved,User_843
1239,11/20/2023,2,Approved,User_291
1240,3/3/2021,2,Approved,User_505
1241,9/24/2023,4,Approved,User_277
1242,7/21/2021,1,Approved,User_268
1243,11/14/2023,4,Approved,User_837
1244,4/5/2021,4,Approved,User_633
1245,5/12/2022,4,Approved,User_420
1246,5/4/2021,4,Approved,User_322
1247,9/3/2023,4,Rejected,User_137
1248,5/24/2023,2,Approved,User_888
1249,5/8/2023,1,Approved,User_923
1250,11/1/2023,4,Approved,User_979
1251,3/18/2022,1,Approved,User_858
1252,5/28/2023,2,Approved,User_959
1253,1/23/2022,2,Approved,User_721
1254,2/27/2021,2,Approved,User_913
1255,2/16/2023,4,Approved,User_598
1256,4/28/2023,4,Approved,User_937
1257,10/14/2023,1,Approved,User_588
1258,8/21/2021,4,Approved,User_794
1259,1/18/2023,2,Rejected,User_594
1260,6/10/2021,4,Approved,User_484
1261,10/22/2023,4,Approved,User_418
1262,7/25/2022,1,Approved,User_121
1263,3/17/2020,1,Rejected,User_444
1264,7/27/2023,1,Approved,User_109
1265,2/5/2020,1,Approved,User_907
1266,7/31/2022,2,Approved,User_349
1267,6/3/2023,5,Approved,User_240
1268,5/3/2022,4,Approved,User_180
1269,12/13/2021,4,Approved,User_317
1270,6/29/2023,2,Approved,User_301
1271,5/5/2021,4,Approved,User_137
1272,11/24/2021,4,Approved,User_565
1273,12/24/2023,1,Approved,User_469
1274,8/3/2023,4,Approved,User_261
1275,2/4/2021,4,Approved,User_636
1276,11/28/2023,2,Approved,User_824
1277,9/25/2023,2,Approved,User_374
1278,2/10/2023,4,Approved,User_329
1279,10/30/2020,1,Approved,User_513
1280,1/3/2021,1,Approved,User_294
1281,11/28/2022,4,Approved,User_422
1282,4/21/2022,4,Approved,User_575
1283,3/24/2021,4,Approved,User_225
1284,1/13/2022,4,Approved,User_485
1285,5/30/2020,4,Approved,User_811
1286,8/23/2023,4,Approved,User_566
1287,7/23/2020,2,Approved,User_708
1288,9/11/2021,2,Approved,User_176
1289,11/4/2021,1,Approved,User_163
1290,2/27/2023,1,Approved,User_376
1291,11/13/2023,1,Approved,User_931
1292,1/3/2021,1,Rejected,User_321
1293,9/24/2020,4,Approved,User_791
1294,4/23/2022,4,Approved,User_774
1295,10/16/2022,4,Rejected,User_724
1296,11/14/2021,4,Approved,User_989
1297,9/21/2020,4,Approved,User_954
1298,12/15/2022,1,Approved,User_308
1299,10/12/2021,4,Approved,User_523
1300,4/17/2021,4,Approved,User_755
1301,3/4/2022,4,Approved,User_159
1302,3/11/2020,4,Approved,User_784
1303,11/15/2022,1,Approved,User_212
1304,8/12/2023,4,Approved,User_448
1305,12/30/2020,4,Approved,User_968
1306,3/29/2023,1,Approved,User_150
1307,6/8/2020,2,Rejected,User_901
1308,3/13/2020,4,Approved,User_911
1309,6/22/2023,1,Rejected,User_993
1310,12/3/2021,1,Approved,User_209
1311,10/9/2023,2,Approved,User_287
1312,5/10/2021,4,Approved,User_235
1313,12/20/2022,4,Rejected,User_764
1314,10/16/2022,1,Approved,User_636
1315,7/21/2023,6,Approved,User_638
1316,5/2/2021,1,Approved,User_909
1317,11/23/2023,4,Approved,User_281
1318,12/22/2022,4,Approved,User_593
1319,9/18/2021,1,Approved,User_665
1320,3/12/2020,4,Approved,User_751
1321,6/12/2021,4,Approved,User_780
1322,11/11/2023,4,Approved,User_701
1323,12/16/2022,4,Approved,User_680
1324,10/1/2022,4,Approved,User_598
1325,9/9/2022,1,Approved,User_108
1326,9/10/2021,1,Approved,User_278
1327,8/30/2021,4,Approved,User_582
1328,6/24/2023,2,Rejected,User_506
1329,4/27/2023,1,Approved,User_177
1330,2/24/2023,4,Rejected,User_495
1331,7/30/2020,4,Approved,User_944
1332,5/1/2021,1,Approved,User_652
1333,4/10/2023,4,Approved,User_229
1334,5/19/2020,6,Approved,User_666
1335,11/21/2020,4,Approved,User_493
1336,9/19/2022,4,Approved,User_755
1337,4/24/2021,4,Approved,User_369
1338,10/21/2021,4,Approved,User_300
1339,12/6/2022,4,Approved,User_830
1340,9/9/2023,4,Approved,User_167
1341,7/24/2021,1,Approved,User_852
1342,8/20/2020,4,Approved,User_446
1343,7/12/2023,1,Approved,User_763
1344,7/14/2023,4,Approved,User_300
1345,10/19/2020,4,Approved,User_210
1346,8/3/2023,4,Approved,User_423
1347,11/14/2020,4,Rejected,User_646
1348,11/20/2021,4,Approved,User_910
1349,2/1/2021,4,Approved,User_109
1350,8/11/2022,2,Approved,User_581
1351,1/25/2020,1,Approved,User_935
1352,3/18/2021,4,Approved,User_409
1353,4/14/2020,4,Approved,User_321
1354,1/26/2022,4,Approved,User_249
1355,4/23/2020,4,Approved,User_587
1356,4/7/2022,4,Approved,User_495
1357,11/27/2023,4,Approved,User_858
1358,9/2/2021,2,Approved,User_983
1359,10/21/2023,1,Approved,User_942
1360,7/11/2020,4,Approved,User_669
1361,9/3/2023,4,Approved,User_894
1362,3/17/2021,4,Rejected,User_862
1363,6/9/2020,1,Approved,User_682
1364,6/13/2023,1,Approved,User_243
1365,3/30/2020,1,Rejected,User_329
1366,5/26/2023,4,Rejected,User_258
1367,12/6/2021,2,Approved,User_873
1368,6/6/2020,1,Approved,User_206
1369,8/12/2021,4,Approved,User_941
1370,12/12/2022,5,Approved,User_322
1371,2/17/2022,4,Approved,User_854
1372,9/28/2023,4,Approved,User_874
1373,5/7/2020,4,Approved,User_208
1374,8/6/2022,4,Rejected,User_642
1375,1/20/2020,4,Approved,User_290
1376,6/30/2021,2,Rejected,User_863
1377,7/4/2022,1,Approved,User_338
1378,9/19/2021,1,Approved,User_438
1379,12/28/2021,1,Approved,User_728
1380,9/5/2022,2,Rejected,User_406
1381,9/15/2021,4,Approved,User_506
1382,1/9/2021,4,Approved,User_304
1383,6/25/2022,4,Approved,User_382
1384,7/14/2020,1,Approved,User_424
1385,10/23/2022,5,Rejected,User_535
1386,3/1/2023,4,Approved,User_316
1387,10/15/2022,4,Approved,User_730
1388,8/20/2020,4,Approved,User_664
1389,10/26/2022,4,Approved,User_989
1390,5/20/2021,4,Approved,User_395
1391,1/9/2022,2,Rejected,User_185
1392,10/20/2023,4,Rejected,User_184
1393,8/19/2023,4,Approved,User_222
1394,12/1/2022,2,Approved,User_109
1395,9/1/2022,4,Approved,User_388
1396,4/23/2021,4,Approved,User_703
1397,10/19/2020,4,Approved,User_442
1398,5/24/2022,4,Approved,User_190
1399,3/5/2020,4,Rejected,User_380
1400,4/7/2020,4,Approved,User_853
1401,11/16/2022,4,Approved,User_219
1402,8/21/2020,4,Approved,User_498
1403,12/30/2021,4,Approved,User_828
1404,2/29/2020,1,Approved,User_143
1405,8/6/2023,1,Rejected,User_328
1406,1/5/2020,4,Approved,User_705
1407,7/30/2020,4,Approved,User_633
1408,6/10/2023,1,Approved,User_673
1409,8/1/2021,4,Rejected,User_743
1410,7/20/2022,4,Approved,User_493
1411,5/26/2021,4,Approved,User_967
1412,7/20/2022,4,Approved,User_293
1413,12/18/2022,1,Approved,User_230
1414,4/8/2022,4,Approved,User_818
1415,4/23/2020,4,Approved,User_395
1416,1/14/2020,4,Approved,User_740
1417,8/1/2020,1,Approved,User_753
1418,9/24/2020,2,Approved,User_581
1419,4/15/2021,4,Rejected,User_492
1420,6/1/2022,1,Approved,User_396
1421,6/9/2020,4,Approved,User_248
1422,7/3/2021,4,Approved,User_307
1423,2/11/2023,1,Approved,User_656
1424,4/28/2020,4,Approved,User_598
1425,2/17/2023,4,Approved,User_786
1426,3/20/2021,1,Approved,User_214
1427,6/2/2020,4,Approved,User_353
1428,2/15/2021,4,Approved,User_531
1429,11/8/2022,4,Approved,User_939
1430,2/3/2023,4,Approved,User_523
1431,3/24/2020,1,Approved,User_623
1432,1/13/2023,1,Approved,User_821
1433,2/5/2023,1,Approved,User_472
1434,2/1/2020,1,Rejected,User_715
1435,3/14/2023,4,Rejected,User_558
1436,7/21/2023,1,Approved,User_595
1437,7/14/2023,1,Approved,User_696
1438,6/14/2020,4,Approved,User_306
1439,4/11/2021,4,Approved,User_980
1440,9/12/2021,1,Approved,User_733
1441,10/9/2022,1,Approved,User_998
1442,10/20/2021,5,Approved,User_893
1443,2/16/2020,4,Approved,User_860
1444,8/11/2023,1,Approved,User_352
1445,6/16/2020,1,Approved,User_522
1446,2/11/2020,2,Approved,User_347
1447,2/26/2023,4,Approved,User_622
1448,3/27/2020,1,Approved,User_589
1449,12/5/2022,4,Rejected,User_447
1450,11/20/2021,4,Approved,User_210
1451,5/10/2023,4,Approved,User_424
1452,10/22/2022,4,Rejected,User_306
1453,7/24/2023,4,Approved,User_966
1454,10/12/2023,4,Approved,User_986
1455,3/24/2021,1,Approved,User_943
1456,4/12/2021,1,Rejected,User_824
1457,1/28/2021,1,Approved,User_589
1458,10/17/2022,4,Approved,User_427
1459,10/14/2023,1,Rejected,User_155
1460,10/21/2022,1,Approved,User_206
1461,10/9/2020,4,Approved,User_188
1462,12/19/2020,5,Approved,User_264
1463,8/16/2023,4,Approved,User_165
1464,3/26/2023,5,Approved,User_331
1465,4/1/2021,4,Rejected,User_733
1466,11/14/2023,1,Approved,User_564
1467,5/7/2022,1,Rejected,User_885
1468,7/7/2022,4,Approved,User_448
1469,12/3/2021,2,Approved,User_226
1470,4/29/2023,4,Approved,User_177
1471,5/9/2023,2,Approved,User_882
1472,3/12/2021,1,Approved,User_184
1473,10/19/2020,2,Approved,User_358
1474,8/5/2023,2,Approved,User_655
1475,4/5/2020,4,Approved,User_501
1476,5/28/2021,1,Approved,User_212
1477,8/20/2023,4,Approved,User_546
1478,4/17/2021,1,Approved,User_968
1479,11/2/2020,4,Approved,User_122
1480,5/26/2022,5,Approved,User_622
1481,4/15/2020,4,Approved,User_887
1482,8/7/2022,4,Approved,User_168
1483,4/16/2023,4,Approved,User_426
1484,12/24/2021,1,Approved,User_655
1485,5/18/2020,1,Approved,User_891
1486,7/16/2023,4,Approved,User_485
1487,10/20/2023,4,Approved,User_113
1488,3/18/2023,1,Approved,User_500
1489,3/11/2022,1,Approved,User_923
1490,3/27/2022,4,Approved,User_747
1491,5/29/2021,2,Approved,User_928
1492,10/4/2023,5,Approved,User_123
1493,9/14/2021,4,Approved,User_528
1494,3/23/2020,1,Approved,User_750
1495,8/27/2021,4,Approved,User_292
1496,1/1/2023,4,Approved,User_982
1497,2/4/2022,2,Approved,User_890
1498,5/3/2021,2,Approved,User_379
1499,5/4/2021,2,Approved,User_101
1500,7/26/2020,6,Approved,User_817
1501,7/28/2022,5,Approved,User_439
1502,8/20/2023,1,Approved,User_830
1503,6/29/2021,1,Approved,User_153
1504,12/6/2022,4,Approved,User_319
1505,8/5/2021,4,Approved,User_885
1506,5/13/2021,4,Approved,User_248
1507,12/20/2022,4,Rejected,User_407
1508,6/7/2023,1,Approved,User_422
1509,1/11/2020,4,Approved,User_653
1510,11/19/2022,1,Approved,User_351
1511,8/21/2020,1,Approved,User_837
1512,12/4/2021,4,Approved,User_391
1513,8/22/2020,4,Rejected,User_286
1514,4/3/2022,1,Approved,User_127
1515,9/8/2023,4,Approved,User_972
1516,3/27/2023,4,Approved,User_747
1517,4/19/2022,4,Approved,User_252
1518,6/10/2020,2,Approved,User_360
1519,11/3/2022,4,Approved,User_774
1520,11/13/2021,1,Approved,User_375
1521,9/25/2020,4,Approved,User_934
1522,4/16/2021,1,Approved,User_674
1523,9/18/2020,4,Rejected,User_388
1524,10/5/2022,1,Rejected,User_488
1525,11/10/2021,1,Approved,User_880
1526,6/1/2020,4,Approved,User_820
1527,9/13/2021,4,Approved,User_123
1528,6/25/2022,5,Approved,User_603
1529,4/4/2023,1,Approved,User_695
1530,4/4/2023,4,Approved,User_561
1531,1/9/2023,2,Approved,User_276
1532,5/3/2020,4,Approved,User_157
1533,11/18/2023,1,Approved,User_263
1534,11/22/2022,4,Approved,User_560
1535,5/3/2022,4,Approved,User_697
1536,12/21/2023,4,Approved,User_912
1537,10/15/2020,4,Approved,User_555
1538,6/20/2022,1,Approved,User_193
1539,2/11/2022,1,Approved,User_170
1540,3/6/2021,4,Approved,User_762
1541,7/24/2021,5,Approved,User_776
1542,12/19/2023,4,Approved,User_817
1543,6/16/2023,2,Approved,User_244
1544,4/10/2020,1,Approved,User_467
1545,3/18/2021,4,Approved,User_704
1546,1/30/2022,4,Rejected,User_319
1547,2/4/2023,1,Approved,User_917
1548,11/3/2020,4,Approved,User_624
1549,1/1/2020,4,Approved,User_274
1550,5/11/2022,1,Approved,User_267
1551,9/15/2021,5,Approved,User_872
1552,5/22/2020,1,Approved,User_212
1553,9/30/2023,4,Approved,User_893
1554,4/22/2020,4,Approved,User_698
1555,4/23/2020,1,Approved,User_836
1556,6/15/2022,1,Approved,User_686
1557,12/23/2021,4,Approved,User_962
1558,6/16/2023,4,Approved,User_669
1559,3/23/2021,1,Rejected,User_441
1560,2/13/2022,1,Approved,User_275
1561,6/18/2020,4,Approved,User_467
1562,10/16/2020,2,Rejected,User_418
1563,8/5/2023,1,Approved,User_667
1564,6/16/2021,4,Approved,User_570
1565,10/5/2022,5,Approved,User_730
1566,10/12/2021,4,Rejected,User_912
1567,6/30/2021,1,Approved,User_693
1568,8/26/2022,4,Approved,User_708
1569,4/6/2022,4,Approved,User_955
1570,12/9/2021,4,Approved,User_672
1571,11/26/2021,1,Rejected,User_207
1572,12/21/2021,1,Approved,User_365
1573,4/2/2020,2,Approved,User_238
1574,10/12/2020,1,Rejected,User_196
1575,5/27/2021,1,Approved,User_267
1576,8/5/2020,1,Approved,User_978
1577,2/22/2020,4,Approved,User_969
1578,7/21/2022,4,Approved,User_910
1579,6/3/2020,1,Rejected,User_906
1580,2/12/2020,1,Rejected,User_243
1581,8/12/2023,4,Approved,User_840
1582,1/22/2021,4,Approved,User_503
1583,4/28/2023,1,Approved,User_405
1584,5/24/2020,4,Approved,User_984
1585,4/5/2021,4,Rejected,User_712
1586,12/12/2020,4,Approved,User_216
1587,1/28/2020,2,Approved,User_215
1588,11/15/2020,4,Rejected,User_799
1589,10/1/2023,1,Approved,User_159
1590,10/9/2023,1,Rejected,User_728
1591,4/15/2020,1,Approved,User_769
1592,11/24/2020,1,Approved,User_862
1593,1/14/2021,5,Approved,User_451
1594,1/25/2023,2,Approved,User_531
1595,8/11/2023,4,Approved,User_593
1596,10/16/2020,4,Approved,User_320
1597,6/11/2022,4,Approved,User_391
1598,3/21/2022,4,Approved,User_444
1599,11/12/2021,4,Approved,User_458
1600,4/28/2023,4,Approved,User_348
1601,8/21/2022,2,Rejected,User_849
1602,11/27/2023,1,Approved,User_194
1603,5/28/2020,4,Rejected,User_381
1604,6/15/2022,2,Approved,User_770
1605,5/22/2023,4,Approved,User_304
1606,12/2/2023,5,Rejected,User_142
1607,2/24/2023,4,Approved,User_599
1608,4/17/2020,1,Approved,User_695
1609,3/27/2023,4,Rejected,User_226
1610,3/17/2022,4,Approved,User_850
1611,8/25/2022,1,Approved,User_825
1612,12/2/2022,4,Approved,User_831
1613,9/14/2023,1,Approved,User_991
1614,8/7/2023,4,Approved,User_200
1615,2/3/2022,4,Rejected,User_428
1616,1/9/2022,4,Approved,User_525
1617,9/29/2022,4,Rejected,User_851
1618,9/3/2022,4,Approved,User_299
1619,7/9/2023,6,Approved,User_166
1620,3/24/2021,4,Approved,User_434
1621,9/24/2021,4,Approved,User_519
1622,2/7/2023,4,Rejected,User_628
1623,2/19/2020,4,Approved,User_985
1624,6/17/2022,1,Approved,User_691
1625,8/26/2020,4,Approved,User_668
1626,9/18/2022,4,Approved,User_567
1627,3/31/2022,4,Rejected,User_617
1628,3/8/2023,2,Approved,User_826
1629,10/26/2020,4,Approved,User_632
1630,8/20/2022,4,Approved,User_710
1631,5/16/2023,2,Approved,User_681
1632,7/15/2023,5,Approved,User_243
1633,12/1/2021,5,Approved,User_199
1634,8/30/2023,4,Approved,User_952
1635,7/22/2020,4,Approved,User_350
1636,12/15/2021,4,Approved,User_886
1637,5/31/2023,4,Approved,User_391
1638,2/8/2022,4,Approved,User_525
1639,10/7/2020,4,Approved,User_342
1640,9/17/2020,4,Rejected,User_609
1641,9/20/2023,4,Approved,User_441
1642,11/8/2020,1,Approved,User_978
1643,4/1/2021,4,Approved,User_454
1644,1/29/2021,4,Approved,User_341
1645,6/24/2020,4,Approved,User_493
1646,12/10/2023,4,Approved,User_426
1647,7/3/2021,2,Approved,User_364
1648,6/16/2023,4,Approved,User_142
1649,6/18/2020,4,Rejected,User_803
1650,2/24/2020,4,Rejected,User_115
1651,12/24/2022,1,Approved,User_863
1652,5/25/2021,4,Approved,User_656
1653,11/14/2023,4,Approved,User_919
1654,11/10/2021,2,Approved,User_646
1655,9/27/2022,2,Approved,User_973
1656,2/28/2023,1,Rejected,User_869
1657,6/22/2023,4,Rejected,User_920
1658,3/31/2021,4,Approved,User_536
1659,2/12/2020,4,Approved,User_519
1660,3/29/2021,4,Rejected,User_994
1661,1/24/2021,1,Rejected,User_331
1662,12/17/2023,1,Rejected,User_104
1663,12/3/2023,4,Approved,User_281
1664,5/9/2023,2,Approved,User_290
1665,7/15/2023,1,Approved,User_448
1666,7/3/2023,1,Approved,User_985
1667,2/28/2023,1,Approved,User_866
1668,4/26/2020,4,Approved,User_843
1669,3/18/2023,1,Approved,User_739
1670,10/9/2022,1,Approved,User_752
1671,3/4/2023,4,Approved,User_725
1672,11/24/2022,4,Rejected,User_867
1673,3/28/2021,2,Approved,User_671
1674,12/22/2023,4,Approved,User_469
1675,12/30/2022,6,Approved,User_563
1676,6/5/2023,1,Approved,User_207
1677,12/26/2023,2,Approved,User_797
1678,8/31/2023,4,Approved,User_248
1679,6/5/2022,4,Approved,User_465
1680,1/20/2023,4,Approved,User_476
1681,6/17/2021,1,Approved,User_909
1682,9/29/2020,5,Approved,User_504
1683,2/24/2020,4,Approved,User_472
1684,12/23/2021,4,Approved,User_146
1685,6/18/2021,4,Approved,User_476
1686,4/2/2022,4,Approved,User_126
1687,11/21/2020,4,Approved,User_529
1688,2/8/2023,4,Rejected,User_273
1689,9/12/2021,4,Approved,User_277
1690,3/17/2022,2,Approved,User_808
1691,1/2/2021,4,Approved,User_564
1692,5/28/2023,4,Approved,User_658
1693,8/17/2021,4,Approved,User_531
1694,1/21/2022,1,Approved,User_491
1695,2/22/2020,1,Approved,User_504
1696,7/2/2020,1,Approved,User_329
1697,5/17/2022,4,Approved,User_617
1698,7/30/2023,4,Approved,User_913
1699,2/4/2021,4,Approved,User_438
1700,7/22/2021,4,Approved,User_692
1701,7/16/2023,4,Approved,User_244
1702,11/25/2020,4,Approved,User_491
1703,2/17/2020,1,Approved,User_896
1704,2/21/2021,4,Rejected,User_623
1705,3/29/2023,4,Approved,User_519
1706,7/15/2022,2,Rejected,User_193
1707,11/21/2022,6,Rejected,User_345
1708,3/16/2022,1,Approved,User_489
1709,1/16/2023,4,Approved,User_225
1710,5/11/2022,4,Approved,User_371
1711,2/27/2020,1,Approved,User_537
1712,7/19/2022,4,Approved,User_675
1713,2/22/2022,2,Approved,User_233
1714,1/26/2022,1,Approved,User_684
1715,2/22/2022,1,Rejected,User_555
1716,8/27/2023,4,Approved,User_112
1717,4/9/2021,2,Approved,User_624
1718,10/1/2021,4,Approved,User_871
1719,5/17/2020,5,Approved,User_137
1720,8/10/2022,4,Approved,User_514
1721,11/18/2020,4,Approved,User_974
1722,7/22/2021,4,Approved,User_757
1723,12/26/2023,4,Approved,User_570
1724,2/25/2023,1,Approved,User_468
1725,12/29/2020,4,Approved,User_918
1726,8/29/2021,4,Approved,User_232
1727,10/11/2023,4,Approved,User_470
1728,10/19/2022,2,Approved,User_884
1729,5/30/2022,4,Approved,User_837
1730,7/27/2020,6,Rejected,User_185
1731,10/8/2020,4,Approved,User_610
1732,8/21/2020,4,Approved,User_157
1733,10/9/2020,4,Approved,User_882
1734,5/17/2020,4,Rejected,User_663
1735,5/5/2020,1,Approved,User_751
1736,8/10/2023,1,Approved,User_781
1737,3/16/2020,1,Approved,User_613
1738,5/5/2023,2,Approved,User_672
1739,12/27/2021,4,Approved,User_718
1740,7/3/2020,2,Approved,User_255
1741,4/17/2020,4,Approved,User_681
1742,3/12/2021,1,Approved,User_173
1743,10/26/2022,4,Approved,User_567
1744,3/13/2020,1,Approved,User_607
1745,3/31/2020,4,Approved,User_879
1746,5/7/2023,4,Approved,User_780
1747,4/4/2020,1,Approved,User_161
1748,1/9/2022,4,Approved,User_949
1749,10/20/2020,1,Approved,User_175
1750,1/5/2022,1,Approved,User_721
1751,4/21/2023,1,Approved,User_279
1752,4/8/2020,5,Approved,User_705
1753,1/20/2021,2,Rejected,User_914
1754,3/11/2022,1,Approved,User_120
1755,3/6/2023,4,Rejected,User_674
1756,9/10/2020,1,Approved,User_740
1757,12/27/2022,1,Approved,User_725
1758,9/12/2022,2,Approved,User_696
1759,11/13/2022,4,Approved,User_901
1760,3/17/2023,4,Approved,User_662
1761,9/19/2022,2,Rejected,User_708
1762,1/14/2022,4,Rejected,User_272
1763,9/27/2020,4,Approved,User_415
1764,1/9/2022,1,Approved,User_403
1765,12/24/2021,2,Approved,User_457
1766,3/31/2022,2,Approved,User_628
1767,1/27/2021,4,Approved,User_998
1768,5/23/2023,4,Approved,User_355
1769,5/17/2021,1,Approved,User_349
1770,9/5/2022,4,Approved,User_928
1771,5/31/2021,4,Rejected,User_262
1772,5/9/2023,4,Approved,User_155
1773,11/13/2023,4,Approved,User_289
1774,4/3/2021,1,Approved,User_475
1775,10/16/2020,6,Approved,User_946
1776,2/7/2021,4,Approved,User_175
1777,9/6/2021,4,Approved,User_334
1778,6/30/2023,4,Rejected,User_998
1779,4/29/2023,4,Approved,User_415
1780,9/26/2020,4,Approved,User_330
1781,5/3/2020,2,Approved,User_221
1782,6/21/2020,4,Approved,User_965
1783,4/23/2023,4,Approved,User_625
1784,8/20/2022,4,Approved,User_828
1785,11/6/2023,4,Approved,User_438
1786,3/2/2023,4,Approved,User_398
1787,8/20/2022,1,Approved,User_462
1788,6/6/2022,4,Approved,User_150
1789,12/8/2023,4,Rejected,User_338
1790,12/7/2021,1,Approved,User_933
1791,11/5/2021,5,Approved,User_658
1792,4/24/2023,4,Approved,User_665
1793,11/27/2022,4,Approved,User_880
1794,12/12/2020,6,Approved,User_813
1795,2/8/2022,4,Approved,User_317
1796,3/17/2022,4,Approved,User_527
1797,12/4/2021,4,Approved,User_367
1798,9/24/2021,1,Approved,User_736
1799,5/18/2021,2,Approved,User_508
1800,12/16/2022,4,Approved,User_176
1801,8/25/2023,4,Approved,User_504
1802,2/22/2022,4,Approved,User_289
1803,9/19/2023,4,Approved,User_887
1804,9/7/2021,2,Approved,User_329
1805,2/25/2022,1,Approved,User_526
1806,1/19/2023,4,Approved,User_147
1807,1/8/2020,4,Approved,User_480
1808,6/12/2020,4,Approved,User_820
1809,2/21/2022,1,Approved,User_287
1810,3/28/2023,4,Approved,User_768
1811,12/21/2021,2,Approved,User_711
1812,8/6/2023,4,Approved,User_109
1813,2/27/2022,4,Rejected,User_278
1814,10/4/2022,4,Approved,User_528
1815,3/4/2020,4,Approved,User_708
1816,8/4/2020,4,Approved,User_485
1817,7/3/2023,4,Approved,User_982
1818,7/26/2021,1,Approved,User_289
1819,1/29/2023,4,Approved,User_251
1820,2/15/2022,4,Approved,User_844
1821,9/1/2022,1,Approved,User_683
1822,12/19/2022,4,Approved,User_448
1823,3/24/2020,4,Rejected,User_336
1824,6/10/2023,6,Approved,User_462
1825,1/5/2023,2,Rejected,User_339
1826,11/4/2021,1,Approved,User_639
1827,1/11/2020,4,Approved,User_560
1828,6/7/2022,2,Rejected,User_431
1829,11/7/2023,4,Approved,User_649
1830,1/9/2021,1,Approved,User_335
1831,7/22/2020,4,Approved,User_551
1832,5/15/2022,2,Approved,User_552
1833,12/18/2022,1,Rejected,User_153
1834,10/7/2022,4,Approved,User_473
1835,7/25/2020,4,Approved,User_213
1836,5/24/2022,6,Rejected,User_417
1837,6/23/2020,4,Approved,User_981
1838,10/30/2020,2,Approved,User_250
1839,8/23/2021,4,Approved,User_251
1840,3/8/2021,4,Approved,User_234
1841,7/20/2020,4,Approved,User_846
1842,3/2/2020,2,Approved,User_773
1843,1/4/2022,5,Approved,User_181
1844,10/15/2021,4,Approved,User_499
1845,7/28/2022,2,Approved,User_346
1846,6/17/2022,2,Approved,User_883
1847,10/27/2021,2,Rejected,User_504
1848,7/3/2021,4,Approved,User_503
1849,8/7/2020,1,Approved,User_443
1850,11/5/2022,1,Approved,User_385
1851,8/19/2021,5,Approved,User_110
1852,12/31/2021,4,Approved,User_320
1853,4/9/2023,2,Approved,User_893
1854,11/9/2020,5,Approved,User_494
1855,5/14/2022,4,Approved,User_924
1856,4/7/2022,4,Approved,User_685
1857,5/25/2023,4,Approved,User_672
1858,12/2/2020,4,Approved,User_306
1859,3/10/2022,1,Approved,User_293
1860,12/9/2020,4,Approved,User_830
1861,10/28/2021,5,Approved,User_606
1862,5/6/2023,4,Rejected,User_769
1863,9/16/2022,1,Approved,User_113
1864,8/4/2021,4,Approved,User_839
1865,3/10/2022,4,Approved,User_561
1866,12/19/2020,4,Approved,User_617
1867,2/3/2023,4,Approved,User_788
1868,6/5/2022,2,Rejected,User_728
1869,4/10/2020,4,Approved,User_984
1870,12/27/2022,1,Rejected,User_373
1871,7/8/2020,2,Approved,User_469
1872,11/26/2020,4,Rejected,User_546
1873,4/6/2023,6,Approved,User_506
1874,7/6/2020,4,Approved,User_171
1875,3/7/2020,4,Approved,User_469
1876,9/9/2023,4,Approved,User_139
1877,3/31/2020,4,Approved,User_249
1878,6/15/2021,4,Approved,User_858
1879,1/10/2023,4,Approved,User_895
1880,5/21/2022,4,Approved,User_462
1881,10/25/2022,4,Approved,User_890
1882,1/28/2022,4,Approved,User_526
1883,10/30/2023,4,Approved,User_450
1884,3/5/2022,4,Rejected,User_535
1885,1/2/2023,4,Approved,User_262
1886,5/3/2021,4,Approved,User_373
1887,8/31/2020,4,Approved,User_976
1888,8/22/2020,6,Approved,User_569
1889,12/20/2022,4,Rejected,User_360
1890,7/19/2020,4,Rejected,User_640
1891,11/20/2022,1,Approved,User_887
1892,12/25/2023,4,Approved,User_922
1893,5/23/2023,4,Approved,User_908
1894,2/12/2022,4,Approved,User_946
1895,8/4/2020,2,Approved,User_122
1896,8/13/2023,4,Approved,User_538
1897,3/20/2020,4,Approved,User_623
1898,2/20/2022,4,Approved,User_593
1899,11/15/2022,4,Approved,User_349
1900,5/22/2020,4,Approved,User_520
1901,9/16/2020,4,Approved,User_463
1902,4/26/2021,4,Rejected,User_334
1903,4/11/2021,1,Rejected,User_572
1904,6/8/2020,4,Approved,User_132
1905,4/10/2023,4,Approved,User_955
1906,5/15/2022,4,Approved,User_573
1907,10/17/2021,1,Rejected,User_859
1908,4/13/2020,1,Approved,User_749
1909,5/25/2022,5,Approved,User_831
1910,6/10/2022,1,Approved,User_905
1911,10/8/2023,4,Approved,User_173
1912,10/31/2023,1,Approved,User_127
1913,11/27/2020,1,Approved,User_900
1914,5/4/2022,4,Rejected,User_110
1915,4/12/2020,1,Approved,User_497
1916,11/8/2023,4,Approved,User_526
1917,1/28/2020,4,Approved,User_374
1918,6/13/2023,1,Approved,User_150
1919,8/18/2022,4,Approved,User_423
1920,5/22/2021,1,Approved,User_369
1921,1/26/2020,4,Approved,User_647
1922,1/7/2021,1,Approved,User_797
1923,9/18/2020,4,Approved,User_155
1924,2/24/2022,1,Approved,User_202
1925,1/17/2023,4,Approved,User_444
1926,10/26/2021,4,Approved,User_764
1927,10/13/2022,1,Approved,User_420
1928,2/5/2022,1,Approved,User_479
1929,5/21/2020,5,Approved,User_499
1930,7/2/2023,4,Approved,User_570
1931,8/26/2022,1,Approved,User_241
1932,10/8/2023,4,Approved,User_451
1933,8/5/2021,5,Approved,User_925
1934,6/26/2022,4,Approved,User_400
1935,8/7/2021,4,Approved,User_791
1936,1/4/2022,4,Approved,User_217
1937,8/3/2022,1,Approved,User_902
1938,11/10/2023,4,Approved,User_784
1939,6/29/2022,1,Rejected,User_248
1940,11/20/2021,4,Approved,User_907
1941,4/24/2023,4,Rejected,User_678
1942,4/16/2021,1,Approved,User_433
1943,6/4/2020,4,Approved,User_406
1944,1/12/2022,1,Approved,User_729
1945,8/27/2023,4,Approved,User_775
1946,10/24/2022,1,Approved,User_452
1947,2/23/2023,4,Approved,User_859
1948,12/30/2020,4,Approved,User_879
1949,2/1/2022,1,Approved,User_827
1950,3/3/2023,4,Approved,User_964
1951,2/15/2022,2,Approved,User_916
1952,8/3/2021,4,Approved,User_177
1953,1/13/2020,4,Approved,User_436
1954,4/3/2020,2,Approved,User_347
1955,9/29/2023,1,Rejected,User_297
1956,12/20/2022,4,Rejected,User_650
1957,5/24/2023,4,Rejected,User_864
1958,10/6/2023,4,Approved,User_977
1959,4/27/2020,4,Rejected,User_415
1960,11/13/2023,4,Approved,User_259
1961,9/17/2022,4,Approved,User_308
1962,4/20/2023,1,Approved,User_273
1963,3/15/2020,6,Approved,User_843
1964,1/5/2020,4,Approved,User_885
1965,9/30/2023,4,Approved,User_534
1966,10/31/2023,6,Approved,User_696
1967,12/25/2022,2,Approved,User_420
1968,10/15/2023,4,Rejected,User_726
1969,12/3/2021,2,Approved,User_314
1970,1/13/2020,5,Approved,User_780
1971,11/8/2022,4,Rejected,User_829
1972,7/3/2023,4,Approved,User_808
1973,11/2/2020,2,Approved,User_514
1974,12/22/2021,4,Approved,User_371
1975,10/31/2023,4,Approved,User_779
1976,10/22/2021,1,Approved,User_612
1977,3/4/2021,1,Approved,User_407
1978,8/4/2022,4,Approved,User_915
1979,3/29/2020,4,Approved,User_504
1980,5/8/2022,4,Approved,User_122
1981,7/1/2022,4,Approved,User_482
1982,12/11/2022,1,Approved,User_754
1983,9/30/2020,1,Approved,User_899
1984,4/8/2022,4,Approved,User_861
1985,4/23/2023,4,Approved,User_642
1986,10/1/2021,1,Approved,User_449
1987,11/27/2020,4,Approved,User_456
1988,4/15/2020,4,Rejected,User_671
1989,3/12/2021,1,Approved,User_590
1990,1/28/2023,4,Approved,User_855
1991,1/6/2021,1,Approved,User_721
1992,1/13/2020,4,Approved,User_376
1993,2/5/2022,4,Approved,User_774
1994,6/18/2022,4,Approved,User_578
1995,8/5/2021,2,Approved,User_642
1996,5/31/2020,4,Approved,User_414
1997,1/6/2022,2,Approved,User_102
1998,12/8/2021,4,Approved,User_598
1999,2/14/2022,4,Approved,User_299
2000,6/23/2022,4,Approved,User_697
2001,7/27/2020,4,Approved,User_656
2002,1/17/2021,4,Rejected,User_261
2003,6/7/2022,1,Approved,User_289
2004,3/17/2023,4,Approved,User_837
2005,12/14/2023,4,Rejected,User_157
2006,2/1/2021,4,Approved,User_398
2007,9/3/2022,6,Approved,User_432
2008,9/7/2023,1,Approved,User_291
2009,8/15/2022,2,Rejected,User_551
2010,9/2/2021,1,Approved,User_249
2011,5/7/2022,2,Approved,User_633
2012,12/3/2022,1,Approved,User_612
2013,12/1/2021,4,Approved,User_810
2014,11/10/2023,4,Approved,User_602
2015,5/11/2021,1,Approved,User_610
2016,10/24/2023,1,Approved,User_494
2017,5/24/2020,2,Rejected,User_459
2018,3/11/2022,2,Approved,User_447
2019,8/8/2022,4,Approved,User_680
2020,11/4/2021,4,Approved,User_584
2021,3/21/2020,4,Approved,User_874
2022,3/17/2020,4,Approved,User_604
2023,12/28/2021,2,Approved,User_371
2024,5/19/2021,4,Approved,User_556
2025,9/23/2021,4,Rejected,User_325
2026,12/10/2023,4,Approved,User_930
2027,3/29/2021,1,Approved,User_437
2028,10/26/2020,4,Approved,User_820
2029,1/25/2021,1,Approved,User_366
2030,6/5/2020,4,Approved,User_226
2031,1/26/2022,1,Approved,User_440
2032,8/3/2022,4,Approved,User_981
2033,9/30/2023,4,Approved,User_320
2034,10/22/2022,1,Approved,User_500
2035,5/18/2023,4,Approved,User_312
2036,2/7/2021,1,Approved,User_456
2037,4/22/2021,1,Approved,User_631
2038,8/3/2023,1,Approved,User_409
2039,7/12/2022,4,Approved,User_106
2040,3/6/2021,1,Approved,User_848
2041,9/6/2022,1,Approved,User_508
2042,1/13/2023,4,Approved,User_638
2043,1/27/2023,4,Approved,User_157
2044,2/3/2020,4,Approved,User_788
2045,8/29/2022,1,Rejected,User_552
2046,8/5/2020,4,Approved,User_752
2047,4/8/2020,4,Approved,User_655
2048,7/26/2021,2,Approved,User_700
2049,8/10/2020,1,Approved,User_598
2050,1/7/2022,1,Approved,User_471
2051,5/10/2023,4,Rejected,User_610
2052,2/11/2021,4,Approved,User_137
2053,6/21/2022,1,Approved,User_276
2054,6/1/2022,1,Rejected,User_541
2055,10/12/2023,4,Approved,User_172
2056,3/23/2020,4,Approved,User_535
2057,9/23/2022,1,Rejected,User_613
2058,6/21/2022,1,Approved,User_517
2059,7/10/2023,4,Approved,User_292
2060,3/23/2021,4,Approved,User_700
2061,3/6/2020,4,Approved,User_162
2062,7/8/2021,1,Rejected,User_434
2063,1/24/2020,4,Approved,User_779
2064,6/11/2021,2,Approved,User_114
2065,1/5/2021,4,Approved,User_628
2066,2/4/2020,1,Approved,User_922
2067,3/12/2022,2,Approved,User_735
2068,3/14/2023,1,Approved,User_106
2069,11/13/2021,1,Approved,User_148
2070,2/17/2020,4,Approved,User_558
2071,2/27/2022,4,Approved,User_223
2072,6/17/2023,5,Approved,User_651
2073,6/4/2021,1,Approved,User_683
2074,8/1/2022,4,Approved,User_262
2075,12/25/2022,6,Approved,User_746
2076,6/8/2022,4,Approved,User_508
2077,5/10/2020,4,Approved,User_842
2078,9/17/2020,4,Approved,User_258
2079,1/19/2021,2,Approved,User_349
2080,6/29/2022,4,Approved,User_701
2081,9/11/2023,1,Approved,User_543
2082,10/28/2022,4,Approved,User_307
2083,4/15/2021,4,Rejected,User_750
2084,9/16/2020,4,Rejected,User_552
2085,12/22/2023,1,Approved,User_147
2086,4/15/2022,4,Approved,User_486
2087,7/18/2021,4,Approved,User_485
2088,5/26/2020,2,Approved,User_523
2089,8/27/2020,4,Approved,User_777
2090,11/30/2021,4,Approved,User_927
2091,9/23/2021,1,Approved,User_572
2092,12/22/2022,4,Approved,User_217
2093,4/3/2022,1,Rejected,User_519
2094,8/26/2020,2,Approved,User_851
2095,10/17/2022,1,Approved,User_819
2096,2/13/2020,1,Rejected,User_833
2097,10/3/2023,4,Approved,User_569
2098,1/31/2021,4,Approved,User_862
2099,3/1/2021,4,Approved,User_537
2100,5/27/2021,1,Rejected,User_666
2101,7/6/2020,2,Approved,User_259
2102,7/25/2021,4,Approved,User_233
2103,7/22/2020,5,Rejected,User_868
2104,10/2/2022,2,Approved,User_126
2105,12/15/2020,5,Approved,User_908
2106,9/6/2021,1,Rejected,User_622
2107,2/5/2021,4,Approved,User_612
2108,11/28/2021,1,Approved,User_635
2109,4/15/2021,4,Rejected,User_470
2110,12/3/2022,1,Approved,User_393
2111,2/26/2023,4,Approved,User_191
2112,4/16/2020,4,Approved,User_710
2113,2/5/2020,4,Rejected,User_726
2114,3/15/2023,4,Approved,User_612
2115,6/23/2021,4,Approved,User_422
2116,12/9/2023,4,Approved,User_947
2117,5/8/2021,1,Approved,User_917
2118,3/30/2022,4,Approved,User_794
2119,11/23/2021,4,Approved,User_418
2120,1/13/2021,1,Approved,User_598
2121,4/12/2021,2,Approved,User_483
2122,12/19/2020,4,Rejected,User_309
2123,7/29/2021,4,Approved,User_371
2124,10/31/2021,4,Approved,User_332
2125,5/11/2022,2,Approved,User_245
2126,6/1/2021,1,Approved,User_256
2127,11/29/2022,4,Rejected,User_681
2128,10/1/2021,4,Approved,User_681
2129,10/29/2021,4,Approved,User_906
2130,3/27/2022,4,Rejected,User_504
2131,10/26/2020,4,Approved,User_660
2132,6/24/2020,1,Approved,User_427
2133,3/21/2023,1,Approved,User_941
2134,6/30/2021,4,Approved,User_177
2135,9/10/2022,1,Approved,User_374
2136,1/13/2022,4,Rejected,User_342
2137,3/16/2023,4,Rejected,User_379
2138,6/21/2020,4,Approved,User_348
2139,11/15/2021,4,Approved,User_854
2140,4/22/2020,4,Approved,User_449
2141,9/29/2020,4,Approved,User_568
2142,7/29/2021,4,Approved,User_170
2143,2/27/2023,4,Approved,User_329
2144,7/6/2022,4,Approved,User_286
2145,9/17/2023,4,Rejected,User_874
2146,11/11/2022,1,Approved,User_337
2147,10/17/2023,6,Approved,User_989
2148,3/27/2021,4,Rejected,User_118
2149,1/26/2023,1,Approved,User_441
2150,12/14/2022,1,Approved,User_207
2151,7/13/2020,2,Rejected,User_840
2152,9/24/2021,4,Rejected,User_610
2153,3/31/2021,1,Approved,User_347
2154,10/14/2023,4,Approved,User_508
2155,12/8/2022,1,Approved,User_107
2156,7/25/2020,1,Approved,User_919
2157,3/3/2020,1,Approved,User_807
2158,3/7/2021,4,Approved,User_879
2159,3/15/2021,1,Approved,User_150
2160,4/12/2023,4,Approved,User_192
2161,8/23/2021,4,Approved,User_735
2162,10/10/2021,4,Approved,User_511
2163,5/22/2023,4,Approved,User_631
2164,6/30/2020,5,Approved,User_887
2165,2/12/2020,1,Rejected,User_708
2166,10/22/2023,4,Approved,User_177
2167,3/1/2021,1,Approved,User_293
2168,7/31/2023,4,Approved,User_631
2169,9/16/2022,4,Approved,User_604
2170,3/26/2023,1,Approved,User_999
2171,1/8/2020,2,Approved,User_312
2172,12/14/2021,2,Approved,User_771
2173,4/24/2021,5,Approved,User_636
2174,6/10/2022,1,Approved,User_601
2175,2/17/2023,4,Rejected,User_620
2176,2/24/2023,1,Rejected,User_479
2177,12/23/2021,1,Rejected,User_180
2178,8/27/2021,4,Approved,User_267
2179,2/27/2023,1,Approved,User_120
2180,1/16/2021,4,Approved,User_117
2181,6/6/2020,4,Approved,User_755
2182,1/13/2023,4,Approved,User_776
2183,4/11/2021,4,Approved,User_951
2184,8/31/2020,4,Approved,User_722
2185,1/26/2020,4,Approved,User_390
2186,9/4/2022,5,Approved,User_334
2187,5/18/2022,2,Rejected,User_306
2188,5/11/2023,2,Approved,User_134
2189,12/29/2023,4,Approved,User_354
2190,4/7/2020,4,Approved,User_722
2191,4/13/2023,4,Approved,User_338
2192,3/12/2021,1,Approved,User_990
2193,4/1/2021,4,Rejected,User_125
2194,5/29/2021,1,Approved,User_660
2195,10/29/2023,4,Approved,User_637
2196,10/5/2023,4,Approved,User_271
2197,8/4/2022,4,Approved,User_967
2198,4/17/2020,1,Approved,User_802
2199,11/14/2023,1,Approved,User_657
2200,9/30/2021,1,Approved,User_954
2201,12/7/2020,2,Approved,User_834
2202,5/22/2020,1,Approved,User_164
2203,11/15/2020,4,Rejected,User_282
2204,4/23/2020,1,Approved,User_418
2205,2/17/2023,4,Approved,User_967
2206,4/24/2022,4,Rejected,User_480
2207,10/5/2020,4,Approved,User_741
2208,11/28/2021,1,Approved,User_540
2209,10/11/2021,1,Approved,User_352
2210,11/27/2022,1,Approved,User_955
2211,10/14/2020,4,Rejected,User_353
2212,3/19/2021,4,Rejected,User_748
2213,5/26/2022,4,Approved,User_744
2214,1/2/2022,4,Approved,User_130
2215,8/29/2021,1,Approved,User_896
2216,9/8/2023,4,Approved,User_988
2217,6/5/2020,4,Approved,User_781
2218,9/9/2020,4,Approved,User_692
2219,1/28/2021,2,Rejected,User_481
2220,10/22/2023,4,Approved,User_364
2221,11/22/2020,1,Approved,User_669
2222,5/27/2020,1,Approved,User_402
2223,7/19/2021,1,Approved,User_883
2224,9/27/2020,1,Approved,User_562
2225,2/20/2023,4,Rejected,User_347
2226,12/14/2020,4,Rejected,User_245
2227,5/2/2022,4,Approved,User_824
2228,4/15/2022,1,Approved,User_941
2229,7/3/2020,4,Approved,User_910
2230,4/26/2021,4,Approved,User_761
2231,6/22/2020,2,Approved,User_826
2232,12/31/2021,4,Rejected,User_511
2233,3/25/2021,4,Approved,User_786
2234,4/2/2020,4,Approved,User_683
2235,1/3/2022,1,Approved,User_276
2236,4/13/2021,5,Rejected,User_504
2237,10/12/2021,4,Approved,User_470
2238,1/8/2020,4,Approved,User_255
2239,7/8/2020,4,Approved,User_438
2240,4/12/2023,4,Rejected,User_951
2241,10/19/2022,1,Rejected,User_425
2242,4/13/2022,5,Approved,User_299
2243,5/15/2022,1,Approved,User_575
2244,12/19/2021,4,Approved,User_580
2245,10/17/2021,4,Approved,User_727
2246,2/9/2020,4,Approved,User_169
2247,8/6/2022,4,Approved,User_237
2248,3/24/2023,4,Approved,User_282
2249,9/11/2022,1,Rejected,User_983
2250,6/1/2020,4,Approved,User_124
2251,3/29/2021,4,Rejected,User_798
2252,12/21/2022,1,Approved,User_718
2253,8/7/2021,4,Approved,User_506
2254,9/24/2021,2,Approved,User_214
2255,1/22/2023,1,Rejected,User_580
2256,9/17/2023,4,Approved,User_605
2257,9/9/2020,4,Rejected,User_614
2258,5/31/2020,1,Rejected,User_319
2259,10/29/2023,4,Approved,User_929
2260,6/29/2021,4,Approved,User_976
2261,2/20/2023,4,Approved,User_388
2262,3/6/2020,2,Rejected,User_199
2263,4/6/2022,2,Approved,User_699
2264,12/27/2023,4,Approved,User_459
2265,9/7/2021,1,Approved,User_537
2266,8/14/2022,4,Approved,User_493
2267,8/22/2023,4,Approved,User_257
2268,6/10/2021,4,Rejected,User_428
2269,9/7/2020,4,Approved,User_895
2270,10/16/2023,1,Rejected,User_306
2271,1/4/2020,1,Approved,User_487
2272,7/6/2021,2,Approved,User_477
2273,11/29/2020,1,Approved,User_650
2274,7/14/2020,4,Approved,User_940
2275,10/24/2023,4,Approved,User_463
2276,12/29/2021,6,Approved,User_409
2277,11/24/2022,4,Approved,User_127
2278,7/18/2021,5,Approved,User_528
2279,9/24/2020,4,Approved,User_411
2280,6/25/2023,2,Approved,User_921
2281,5/8/2021,4,Approved,User_495
2282,4/3/2020,4,Approved,User_417
2283,6/23/2020,4,Approved,User_521
2284,4/5/2023,1,Approved,User_787
2285,3/7/2021,4,Rejected,User_723
2286,10/12/2023,4,Approved,User_415
2287,6/10/2020,1,Approved,User_180
2288,4/3/2020,4,Approved,User_553
2289,2/8/2020,1,Approved,User_202
2290,11/21/2022,4,Approved,User_193
2291,4/27/2020,4,Approved,User_399
2292,2/1/2023,1,Approved,User_684
2293,4/30/2022,2,Approved,User_265
2294,3/23/2023,1,Approved,User_135
2295,6/15/2022,2,Approved,User_256
2296,9/10/2023,6,Approved,User_531
2297,1/2/2020,4,Approved,User_700
2298,12/26/2021,1,Approved,User_488
2299,8/14/2020,4,Approved,User_686
2300,10/2/2022,4,Approved,User_928
2301,9/23/2020,4,Approved,User_752
2302,6/30/2022,1,Approved,User_280
2303,8/21/2022,1,Approved,User_689
2304,11/16/2021,1,Approved,User_881
2305,10/20/2023,4,Approved,User_563
2306,7/26/2020,1,Approved,User_507
2307,7/19/2021,4,Approved,User_567
2308,4/23/2022,1,Approved,User_273
2309,3/29/2022,1,Approved,User_267
2310,12/18/2022,4,Approved,User_958
2311,6/20/2021,6,Approved,User_235
2312,9/16/2021,4,Approved,User_507
2313,2/7/2023,4,Approved,User_505
2314,8/4/2022,4,Rejected,User_529
2315,10/9/2023,4,Rejected,User_408
2316,12/15/2021,1,Approved,User_612
2317,3/1/2022,4,Approved,User_461
2318,1/7/2020,1,Rejected,User_290
2319,8/11/2021,1,Approved,User_174
2320,5/29/2020,4,Approved,User_435
2321,3/2/2022,2,Approved,User_965
2322,7/8/2022,5,Approved,User_433
2323,2/19/2023,4,Approved,User_549
2324,8/31/2021,4,Approved,User_665
2325,4/13/2021,1,Approved,User_809
2326,5/30/2023,4,Approved,User_736
2327,7/5/2023,4,Approved,User_245
2328,8/26/2021,1,Approved,User_533
2329,10/23/2022,4,Approved,User_464
2330,6/2/2020,5,Approved,User_753
2331,12/27/2022,4,Approved,User_764
2332,8/4/2023,4,Rejected,User_721
2333,7/13/2022,4,Rejected,User_700
2334,8/14/2021,2,Approved,User_856
2335,4/14/2020,5,Rejected,User_426
2336,5/31/2021,4,Approved,User_472
2337,10/1/2022,4,Approved,User_650
2338,3/22/2021,1,Approved,User_336
2339,9/8/2023,4,Approved,User_838
2340,4/11/2021,1,Approved,User_484
2341,11/4/2022,5,Rejected,User_943
2342,6/5/2022,4,Approved,User_358
2343,8/1/2023,1,Approved,User_523
2344,8/13/2020,4,Approved,User_104
2345,12/29/2023,2,Rejected,User_211
2346,12/7/2021,4,Approved,User_612
2347,2/15/2023,4,Approved,User_501
2348,1/19/2023,2,Approved,User_517
2349,7/13/2022,4,Approved,User_573
2350,1/15/2020,2,Approved,User_546
2351,5/9/2020,4,Rejected,User_821
2352,5/30/2023,4,Approved,User_573
2353,11/14/2020,4,Approved,User_431
2354,4/17/2020,1,Approved,User_576
2355,1/6/2021,4,Approved,User_757
2356,5/5/2023,4,Approved,User_805
2357,1/29/2021,5,Approved,User_487
2358,8/23/2023,1,Approved,User_111
2359,10/3/2022,4,Approved,User_959
2360,6/4/2021,6,Approved,User_582
2361,9/29/2021,5,Approved,User_441
2362,8/6/2022,1,Approved,User_620
2363,12/5/2023,4,Approved,User_551
2364,6/3/2020,4,Approved,User_357
2365,11/14/2022,4,Rejected,User_863
2366,1/10/2021,4,Approved,User_509
2367,12/16/2022,4,Approved,User_240
2368,4/11/2023,4,Approved,User_303
2369,11/8/2023,4,Approved,User_600
2370,11/28/2021,1,Approved,User_224
2371,8/30/2023,4,Approved,User_270
2372,2/13/2020,4,Approved,User_413
2373,10/17/2020,4,Rejected,User_909
2374,10/20/2021,4,Approved,User_900
2375,9/17/2020,4,Approved,User_198
2376,10/6/2022,4,Approved,User_803
2377,6/2/2020,4,Approved,User_420
2378,1/29/2023,4,Approved,User_393
2379,7/27/2022,4,Approved,User_794
2380,11/5/2023,4,Approved,User_126
2381,2/14/2022,4,Approved,User_488
2382,11/14/2020,4,Rejected,User_775
2383,10/24/2023,4,Approved,User_280
2384,2/8/2022,4,Approved,User_531
2385,7/20/2021,4,Rejected,User_793
2386,10/29/2023,4,Rejected,User_229
2387,10/25/2021,4,Approved,User_626
2388,10/16/2020,4,Approved,User_872
2389,12/12/2020,4,Approved,User_913
2390,3/7/2020,4,Approved,User_561
2391,11/24/2022,4,Approved,User_100
2392,10/21/2021,1,Approved,User_655
2393,12/19/2020,4,Approved,User_881
2394,9/28/2020,1,Approved,User_251
2395,12/24/2022,4,Approved,User_408
2396,2/22/2020,4,Approved,User_817
2397,4/17/2020,6,Approved,User_727
2398,9/4/2021,4,Approved,User_573
2399,2/2/2020,4,Approved,User_141
2400,9/13/2022,4,Approved,User_968
2401,8/14/2022,4,Approved,User_763
2402,9/28/2022,4,Approved,User_354
2403,8/23/2023,1,Approved,User_279
2404,7/28/2021,2,Approved,User_286
2405,3/13/2021,4,Approved,User_625
2406,6/3/2022,2,Approved,User_850
2407,3/5/2021,5,Approved,User_938
2408,2/18/2022,1,Approved,User_720
2409,11/4/2023,1,Rejected,User_687
2410,3/15/2021,1,Rejected,User_833
2411,3/26/2020,1,Approved,User_626
2412,4/1/2021,4,Approved,User_236
2413,7/14/2022,4,Approved,User_270
2414,3/26/2021,4,Approved,User_373
2415,7/31/2020,1,Approved,User_610
2416,6/6/2023,2,Approved,User_640
2417,3/24/2023,4,Approved,User_744
2418,2/19/2021,4,Approved,User_982
2419,6/29/2020,5,Rejected,User_329
2420,5/4/2021,4,Approved,User_286
2421,7/23/2023,1,Approved,User_712
2422,11/27/2022,2,Rejected,User_712
2423,3/28/2021,4,Approved,User_124
2424,4/15/2022,4,Approved,User_291
2425,12/17/2023,4,Approved,User_102
2426,8/22/2022,5,Approved,User_522
2427,9/7/2022,1,Approved,User_178
2428,8/15/2022,2,Approved,User_112
2429,4/11/2023,4,Rejected,User_923
2430,4/27/2022,4,Approved,User_444
2431,11/11/2020,1,Approved,User_967
2432,1/28/2021,4,Approved,User_334
2433,11/9/2022,4,Approved,User_778
2434,9/26/2020,1,Approved,User_901
2435,10/17/2022,4,Approved,User_631
2436,5/8/2023,5,Approved,User_717
2437,9/13/2021,4,Approved,User_815
2438,9/13/2023,4,Approved,User_324
2439,5/11/2022,4,Approved,User_961
2440,2/16/2023,4,Approved,User_896
2441,4/13/2022,4,Approved,User_367
2442,5/4/2021,6,Approved,User_526
2443,7/31/2023,1,Rejected,User_307
2444,6/18/2022,4,Approved,User_856
2445,1/13/2021,1,Approved,User_338
2446,6/27/2023,1,Approved,User_758
2447,5/11/2020,4,Approved,User_167
2448,2/13/2022,4,Approved,User_490
2449,8/13/2020,4,Approved,User_639
2450,6/5/2020,4,Approved,User_719
2451,10/21/2023,4,Approved,User_586
2452,9/9/2022,4,Approved,User_603
2453,9/5/2020,2,Approved,User_798
2454,7/19/2022,4,Rejected,User_265
2455,11/29/2020,4,Rejected,User_680
2456,5/21/2021,4,Approved,User_851
2457,7/28/2020,4,Approved,User_501
2458,8/3/2021,2,Approved,User_764
2459,10/22/2020,4,Approved,User_660
2460,6/11/2020,2,Approved,User_773
2461,5/18/2020,1,Approved,User_750
2462,3/6/2022,6,Approved,User_284
2463,1/17/2020,4,Approved,User_394
2464,11/9/2020,1,Approved,User_289
2465,2/24/2023,4,Approved,User_979
2466,10/8/2023,4,Approved,User_251
2467,5/29/2022,1,Approved,User_765
2468,10/16/2023,4,Approved,User_427
2469,8/9/2021,4,Approved,User_826
2470,9/15/2023,4,Approved,User_529
2471,10/1/2022,4,Approved,User_998
2472,4/7/2022,5,Rejected,User_339
2473,9/30/2023,4,Approved,User_355
2474,11/27/2021,4,Approved,User_757
2475,6/19/2022,4,Approved,User_922
2476,11/1/2022,4,Rejected,User_424
2477,10/16/2022,4,Approved,User_397
2478,9/22/2021,4,Approved,User_120
2479,8/11/2022,4,Approved,User_229
2480,5/25/2022,1,Approved,User_146
2481,10/31/2020,1,Approved,User_731
2482,4/6/2020,2,Approved,User_995
2483,12/29/2023,4,Approved,User_272
2484,5/3/2022,1,Rejected,User_497
2485,1/11/2020,4,Approved,User_587
2486,5/20/2022,2,Approved,User_218
2487,11/14/2022,4,Approved,User_882
2488,12/3/2020,4,Approved,User_962
2489,5/19/2020,4,Rejected,User_404
2490,10/6/2020,4,Approved,User_711
2491,12/4/2021,4,Approved,User_900
2492,11/10/2021,5,Rejected,User_899
2493,7/29/2020,4,Approved,User_875
2494,10/30/2023,4,Approved,User_270
2495,9/1/2021,4,Approved,User_706
2496,1/6/2023,4,Approved,User_958
2497,3/26/2021,4,Approved,User_174
2498,5/25/2021,2,Rejected,User_532
2499,12/18/2021,4,Approved,User_197
2500,5/26/2021,1,Approved,User_179
